,serial,OBJ_ALG,FAR_ALG,OBJ_FAR_AGG,LDCM,human_obj,human_far,human_objfaragg
0,15,0.831709677,2.071960046,1.451834862,0.008040394,3,7,5
1,25,1.197885773,2.767191828,1.9825388,0.043777432,3,7,5
2,33,0.597928971,0.86146673,0.729697851,-0.456810809,2,7,4.5
3,36,0.44966557,1.317115335,0.883390453,-0.192176949,1,7,4
4,38,3.306721014,8.639490776,5.973105895,-0.408472591,7,4,5.5
5,39,2.257060292,5.671708833,3.964384563,0.359517824,7,6,6.5
6,43,4.168129527,7.184089657,5.676109592,-0.002691525,4,7,5.5
7,52,1.197631653,2.73843671,1.968034181,0.467874329,1,7,4
8,60,0.074825401,0.160823376,0.117824389,-0.40570504,1,7,4
9,75,4.660077846,11.27608375,7.9680808,0.459551652,4,5,4.5
10,91,3.541110171,5.303699389,4.42240478,-0.431455325,1,3,2
11,93,2.744227019,6.08362092,4.413923969,0.312331399,1,3,2
12,95,2.762462248,7.385625964,5.074044106,0.588521763,7,7,7
13,110,0.796727141,1.648744444,1.222735793,-0.51436837,1,7,4
14,132,0.492418084,1.048219234,0.770318659,-0.088890158,1,5,3
15,134,1.645384718,2.453066432,2.049225575,-0.841777449,4,7,5.5
16,145,0.639127695,0.899111983,0.769119839,-0.472168345,2,6,4
17,146,0.492418084,1.048219234,0.770318659,-0.081421235,1,7,4
18,151,0.543851904,2.56681348,1.555332692,-3.555063774,1,1,1
19,161,1.809543357,4.836268359,3.322905858,0.458130494,1,7,4
20,169,1.319108295,3.805258974,2.562183634,0.246178492,4,5,4.5
21,179,2.111181497,4.450290889,3.280736193,-0.415849623,2,7,4.5
23,197,1.595269931,3.628370617,2.611820274,0.106995201,7,7,7
24,207,2.586360242,5.717436661,4.151898452,0.687664891,2,7,4.5
25,210,1.272457054,2.899260087,2.08585857,0.465960985,1,7,4
26,211,0.492418084,1.048219234,0.770318659,0.061622621,1,7,4
27,226,2.591759106,4.845260233,3.71850967,0.499056608,4,7,5.5
28,228,2.990554383,6.977563548,4.984058966,-0.241925295,3,7,5
29,233,0.972673352,2.520885197,1.746779275,-0.142947777,2,7,4.5
30,239,2.796317342,7.304434146,5.050375744,0.089133088,1,7,4
31,260,0.129783951,0.13973064,0.134757295,-0.40570504,2,7,4.5
32,261,2.24506827,6.917611912,4.581340091,0.231282231,1,7,4
33,267,1.684124794,2.877284207,2.280704501,-0.366750031,2,6,4
34,268,0.873904855,1.791233911,1.332569383,-1.856783253,2,3,2.5
35,270,2.156750322,3.179997105,2.668373713,-0.613037105,3,4,3.5
36,279,1.029675661,2.476347491,1.753011576,0.473079129,2,5,3.5
37,280,0.724057529,1.549773911,1.13691572,0.550896564,1,3,2
38,281,1.638207921,3.791613927,2.714910924,0.151281151,1,7,4
39,283,1.843469869,2.273278849,2.058374359,-0.268337081,1,6,3.5
40,284,1.407166948,2.056838105,1.732002526,0.146294895,1,7,4
41,292,1.5717843,3.420513256,2.496148778,0.025103953,1,7,4
42,295,1.263071024,2.079714941,1.671392983,0.39128439,1,7,4
43,308,4.009809196,9.140565123,6.57518716,0.221331566,7,7,7
44,329,0.324243709,0.330475635,0.327359672,-0.17663896,1,7,4
45,341,1.696970607,3.506768544,2.601869575,0.250166193,7,7,7
46,346,1.494098047,2.867151078,2.180624562,-0.030827908,3,5,4
47,356,0.492418084,1.048219234,0.770318659,-0.395524772,1,2,1.5
49,370,0.699322344,2.081408848,1.390365596,-0.081421235,1,4,2.5
50,371,0.960995986,2.893186656,1.927091321,0.830900343,7,7,7
51,374,2.295811309,4.813896026,3.554853667,0.185081834,1,4,2.5
52,383,1.005957879,2.233092922,1.6195254,0.149111295,1,7,4
53,393,2.436139942,5.225242476,3.830691209,0.165552973,4,7,5.5
54,402,0.836718666,1.337840954,1.08727981,0.540122142,1,7,4
55,412,0.070502362,0.164266734,0.117384548,-0.254375563,1,7,4
56,416,2.812412252,5.768273153,4.290342702,0.580625639,1,7,4
57,432,1.033438121,3.328378717,2.180908419,-0.157181479,7,7,7
58,437,1.660739389,4.035465788,2.848102588,0.095617388,1,4,2.5
59,439,2.709578789,7.146861443,4.928220116,0.490101425,7,7,7
60,441,1.028700905,2.463075179,1.745888042,-0.21415349,1,7,4
61,444,1.007110766,3.330315421,2.168713093,0.607165156,1,6,3.5
62,446,0.361387948,1.624843817,0.993115882,0.143962042,1,4,2.5
63,451,2.13579862,5.355093425,3.745446022,-0.019480841,2,4,3
64,452,1.144546654,2.451489923,1.798018289,-0.138542538,1,5,3
65,475,2.651570013,5.450049072,4.050809542,-0.405113716,3,3,3
66,534,2.03238829,4.593374299,3.312881295,0.601215121,2.5,7,4.75
67,542,1.216692006,2.601148477,1.908920242,0.29789149,2,2,2
68,553,0.465303616,0.243121299,0.354212458,-1.192931103,1,1,1
69,558,2.994224675,7.778249572,5.386237124,0.378439345,2,5.5,3.75
70,583,2.013568002,4.988452844,3.501010423,0.589094357,3,2,2.5
71,587,0.493220555,1.051118467,0.772169511,-0.000129436,1.5,6,3.75
73,642,2.219872799,6.194756407,4.207314603,0.069488975,3,5.5,4.25
74,653,0.513323402,1.181718355,0.847520879,-0.088890158,2,7,4.5
75,667,0.324243709,0.330475635,0.327359672,-0.215507262,1,1,1
76,670,0.984836168,2.096438468,1.540637318,-0.084908127,3,1.5,2.25
77,671,0.513323402,1.181718355,0.847520879,-0.44497078,2,3.5,2.75
78,686,2.891505688,4.532859186,3.712182437,0.312405239,3.5,6,4.75
79,687,1.005741486,2.229937589,1.617839538,0.186991417,2,1,1.5
80,692,1.122427975,1.608225572,1.365326773,0.279107314,4.5,6,5.25
81,694,1.001915344,0.458749974,0.730332659,-0.17663896,3.5,4,3.75
82,700,0.900927483,2.184077688,1.542502585,-0.442407899,3.5,1,2.25
83,701,1.497320249,3.246500986,2.371910617,0.255448326,1,6.5,3.75
84,739,2.55439031,5.917552195,4.235971253,0.456654469,2,7,4.5
85,758,0.000848445,1.187083205,0.593965825,0.151281151,1,6.5,3.75
86,765,1.320876658,1.300913567,1.310895113,-0.559750772,4,3,3.5
87,780,1.258472957,2.649664099,1.954068528,0.134476996,2,6.5,4.25
88,802,2.641027344,5.731485261,4.186256302,0.258513345,5,6,5.5
89,817,1.326034043,2.146800952,1.736417498,0.330035273,1.5,5.5,3.5
90,832,2.08483551,3.752593226,2.918714368,0.459882984,3.5,4,3.75
91,835,4.659992963,9.404197269,7.032095116,0.311535207,1,4.5,2.75
92,846,0.024059222,0.8494066,0.436732911,0.741491781,1,1,1
93,887,0.657492627,2.447174575,1.552333601,-0.212601748,5,3,4
94,891,0.000216393,1.015885501,0.508050947,0.282342597,1,3.5,2.25
95,897,1.123060371,2.606368452,1.864714411,-0.081421235,1,6.5,3.75
96,898,1.755396948,4.140092273,2.94774461,0.052771492,1.5,4,2.75
97,907,2.769340111,6.274470883,4.521905497,0.276453046,1.5,3,2.25
98,912,2.185631447,6.308993948,4.247312698,0.125290439,6,7,6.5
99,917,1.580729861,2.353239925,1.966984893,0.282342597,1,2,1.5
100,933,2.476779794,6.038059093,4.257419443,0.583647386,4,3,3.5
101,944,2.34578147,5.308341565,3.827061517,0.138753938,2,4,3
102,953,1.233107664,1.639422296,1.43626498,-0.277067515,1,1,1
103,954,0.074825401,0.160823376,0.117824389,-0.814551191,2,2.5,2.25
104,961,1.705989719,7.233089524,4.469539622,0.497262153,7,7,7
106,978,2.07846297,4.632360233,3.355411602,-0.295436074,1,1,1
107,1016,2.024365074,4.017417663,3.020891368,0.151281151,2,6.5,4.25
108,1018,2.660381029,6.525172248,4.592776638,0.665490938,4,6,5
109,1028,0.589753744,1.348340199,0.969046972,-0.127406831,2.5,5,3.75
110,1047,0.012394172,0.522653982,0.267524077,0.181316152,2.5,4.5,3.5
111,1083,0.926573783,2.178783361,1.552678572,-0.859257435,3,3.5,3.25
112,1089,1.575451144,3.845878088,2.710664616,0.467874329,3,5,4
113,1093,1.165963567,3.38109929,2.273531428,0.528655637,3,7,5
114,1098,1.63029474,2.846495742,2.238395241,0.341930427,4.5,6.5,5.5
115,1101,1.583238647,3.08648902,2.334863834,0.386298134,4,3,3.5
116,1107,2.142295367,4.452439427,3.297367397,0.295703844,4.5,4,4.25
117,1136,1.473804618,2.975303225,2.224553921,-1.002482426,3.5,4.5,4
118,1155,0.778039333,1.761763507,1.26990142,-0.595538139,3.5,4.5,4
119,1162,1.377394743,2.695796553,2.036595648,-0.69665171,4,3,3.5
120,1215,1.21954382,3.587827614,2.403685717,0.372026373,3.5,2.5,3
121,1227,1.871769238,3.532506481,2.702137859,0.341930427,4,5,4.5
122,1271,0.885331893,1.16322271,1.024277302,-0.084908127,5.5,4.5,5
123,1275,0.9136909,1.489111475,1.201401188,-1.564088315,4.5,3.5,4
124,1284,0.173955666,0.287060307,0.230507987,-0.192176949,3,4.5,3.75
125,1299,0.911278919,0.863357671,0.887318295,0.063150396,3,2.5,2.75
126,1301,1.751872935,3.271724712,2.511798823,0.397078286,4,6,5
127,1302,1.837482001,1.939312117,1.888397059,-0.237950983,3,3,3
128,1327,2.524049746,4.641141018,3.582595382,-0.804944532,4,3.5,3.75
129,1342,1.64649991,3.00764257,2.32707124,0.420712248,2,3,2.5
130,1349,1.698677665,2.343974111,2.021325888,-1.313949619,4,1.5,2.75
131,1353,0,0,0,0.741491781,2.5,4,3.25
132,1360,1.85227951,3.359495183,2.605887346,0.334182553,3.5,6.5,5
133,1361,2.516602095,4.614005424,3.565303759,-0.470188365,4,3.5,3.75
134,1376,3.606812726,6.567794136,5.087303431,-0.01994321,3,4,3.5
135,1378,1.615478455,3.654587686,2.63503307,0.22770302,4,6.5,5.25
136,1384,3.113950131,6.00634007,4.560145101,0.549580979,4,4,4
137,1388,3.505050824,7.038001589,5.271526206,0.609433693,5,2.5,3.75
138,1390,3.80077426,9.450587261,6.625680761,0.428987057,4.5,5.5,5
139,1402,0.346259362,0.883944582,0.615101972,-0.005420392,4.5,4.5,4.5
140,1412,1.161779896,2.197464139,1.679622017,-0.215507262,4,4,4
141,1416,1.611860386,4.071095953,2.84147817,0.455404069,3,5,4
142,1456,2.057527307,4.135994862,3.096761084,0.223863532,5.5,2,3.75
143,1466,2.445506949,6.223806647,4.334656798,0.556705727,2.5,5,3.75
144,1468,1.685219081,3.605024698,2.645121889,0.112764478,2,3.5,2.75
145,1473,0.976431232,1.869984759,1.423207995,0.338752504,2.5,4,3.25
146,1475,1.358252301,2.539280399,1.94876635,-0.170829798,2,6,4
147,1489,1.200074752,2.571262548,1.88566865,-0.091107822,5.5,3.5,4.5
148,1497,2.028619175,5.045355785,3.53698748,-0.052607427,4,3,3.5
149,1504,0.00080247,0.002899234,0.001850852,-0.40570504,2.5,6.5,4.5
150,1520,3.492369759,7.811660279,5.652015019,0.22416057,5.5,2,3.75
151,1546,1.615478455,3.654587686,2.63503307,0.920255272,1.5,7,4.25
152,1547,2.31582648,4.738551639,3.52718906,0.261787496,2.5,3,2.75
153,1556,1.104465736,2.774401923,1.93943383,0.282342597,1.5,1,1.25
154,1572,1.932510639,5.139935519,3.536223079,-0.50921247,2,1.5,1.75
155,1577,0.513323402,1.181718355,0.847520879,-0.087230397,1.5,3,2.25
156,1588,0.593720718,1.060606342,0.82716353,-0.232165105,1.5,4.5,3
157,1593,2.322746033,3.838281747,3.08051389,0.322413207,2,2,2
158,1601,3.139370715,3.022903195,3.081136955,-0.592283428,1.5,6.5,4
159,1604,0.497303,1.748278716,1.122790858,-0.215507262,1.5,2,1.75
160,1629,1.005741486,2.229937589,1.617839538,0.580495592,4,5.5,4.75
161,1649,1.106093766,3.712868968,2.409481367,0.086426897,2,3.5,2.75
162,1660,1.729126592,2.838628949,2.28387777,-0.6455334,2,5,3.5
163,1683,1.968777131,6.381389089,4.17508311,0.138753938,7,5.5,6.25
164,1726,1.005741486,2.229937589,1.617839538,0.186991417,4,5.5,4.75
165,1738,2.320692024,5.344805162,3.832748593,0.519595396,2.5,6.5,4.5
166,1741,1.156623487,2.474337701,1.815480594,0.341930427,2,4.5,3.25
167,1743,1.782708901,5.911180568,3.846944735,0.410726605,4,4,4
168,1752,1.002650778,1.539653573,1.271152175,-0.456810809,2,2,2
169,1768,0.20366154,0.601042024,0.402351782,-0.621637192,1.5,6,3.75
170,1783,1.94898877,4.580525704,3.264757237,0.576957429,3,7,5
171,1785,2.952413541,5.987717275,4.470065408,0.811281198,3,4.5,3.75
172,1798,0.709787753,0.941520491,0.825654122,-0.280204634,1.5,4.5,3
173,1800,1.596423206,1.397700253,1.49706173,-1.193012591,1.5,1,1.25
174,1815,0.33630533,0.638123254,0.487214292,-0.098855696,2,6,4
175,1827,0.587453007,0.259247106,0.423350057,-0.098855696,1.5,4,2.75
176,1830,0.513969117,1.289288961,0.901629039,-0.005420392,2.5,3.5,3
177,1831,0.33404354,0.89813721,0.616090375,-0.355026028,3,7,5
178,1840,0.834168126,1.983815971,1.408992048,0.875577808,1.5,5,3.25
179,1842,1.348867546,4.128073296,2.738470421,0.419613821,1.5,2.5,2
180,1847,2.603935046,7.279082544,4.941508795,0.496257394,5,7,6
181,1862,0.513323402,2.194448524,1.353885963,0.129821994,5,7,6
182,1878,0.91418211,1.46244104,1.188311575,0.151281151,1.5,4,2.75
183,1888,5.022693621,8.215865151,6.619279386,0.257781459,3,3.5,3.25
184,1893,2.866316139,2.761659842,2.81398799,0.148042283,2.5,6,4.25
185,1895,4.093006907,7.227116399,5.660061653,0.500615795,6,6,6
186,1905,2.273225074,5.087901624,3.680563349,0.323394479,1,5,3
187,1912,0.074825401,0.904060161,0.489442781,-0.528315939,2,6,4
188,1915,1.353528853,3.194830759,2.274179806,0.518584159,4.5,6.5,5.5
189,1921,2.141436323,3.182533402,2.661984863,-0.091203504,2,2.5,2.25
190,1931,0.669958028,1.567084772,1.1185214,-0.550215709,2,3.5,2.75
191,1932,2.147057627,4.330723725,3.238890676,0.567337839,2.5,4,3.25
192,1933,0.788486494,3.687180767,2.237833631,0.06780191,2.5,2,2.25
193,1942,1.502440191,2.486442737,1.994441464,-0.730263391,2,1.5,1.75
194,1943,3.601232451,7.361711763,5.481472107,0.192941451,5.5,3.5,4.5
195,1946,0.276271665,0.801258941,0.538765303,-1.753842409,1,1,1
196,1963,2.134122413,3.581245792,2.857684102,-0.186696743,1.5,1.5,1.5
197,2011,2.582227258,7.142684189,4.862455724,0.734325517,4,6,5
198,2018,1.029214922,3.286344106,2.157779514,0.372026373,3,5,4
199,2031,1.504870921,2.030187516,1.767529218,-0.043136515,2,4,3
200,2033,1.367683936,4.135270896,2.751477416,0.231856414,1,6,3.5
201,2036,1.320068255,3.458303206,2.38918573,0.39128439,4,4,4
202,2045,3.25346794,8.355035494,5.804251717,0.684177999,3,4,3.5
203,2066,0.513323402,1.181718355,0.847520879,-0.087230397,5,5,5
204,2076,2.769909546,7.394594319,5.082251933,0.468600214,3,6,4.5
205,2082,1.994405905,3.323121356,2.658763631,0.601489891,3,5,4
206,2083,0.623150084,1.738024717,1.1805874,0.074469508,3,5,4
207,2084,1.420278599,4.183667434,2.801973016,0.29789149,2,4,3
208,2085,1.452842026,4.730003643,3.091422834,-0.137723998,3,5,4
209,2091,2.029041562,4.876970552,3.453006057,0.467874329,3,6,4.5
210,2092,2.300696673,5.380124681,3.840410677,1.200259051,3,4,3.5
211,2094,4.615993663,8.89441526,6.755204461,-0.245063219,3,3,3
212,2107,1.023997255,1.724355273,1.374176264,1.295751546,4,5,4.5
213,2109,0.8909873,2.004606886,1.447797093,0.39128439,4,3,3.5
214,2117,0.240467022,0.535274746,0.387870884,0.461319932,2,6,4
215,2119,0.568848427,1.214841078,0.891844752,0.086426897,2,6,4
216,2131,1.140820651,2.61733237,1.879076511,0.29789149,2,5,3.5
217,2151,1.428185325,2.767898426,2.098041875,-0.568416217,3,5,4
218,2183,2.724694765,4.788280977,3.756487871,0.237578802,4,5,4.5
219,2185,0.579226253,2.61590449,1.597565371,-0.183684715,3,4,3.5
220,2191,0.331827244,0.334020645,0.332923944,-1.355225379,2,3,2.5
221,2192,0.513323402,1.181718355,0.847520879,0.192941451,3,6,4.5
222,2198,1.64723509,3.494517716,2.570876403,0.304202005,3,5,4
223,2210,0.775665468,1.668950443,1.222307956,0.680691107,3,6,4.5
224,2219,0.070502362,0.164266734,0.117384548,-0.456810809,2,4,3
225,2223,1.382636228,2.167521933,1.77507908,-1.255886202,3,4,3.5
226,2228,1.288066314,2.385583765,1.836825039,-0.439508257,5,3,4
227,2234,1.192407177,2.374474918,1.783441048,0.893252867,3,4,3.5
228,2249,2.22481842,5.007254859,3.61603664,0.463109777,1,2,1.5
229,2255,0.936397012,1.612032165,1.274214589,-0.642061991,3,2,2.5
230,2257,0.769037427,2.604275376,1.686656401,0.222754767,2,2,2
231,2274,1.540899532,3.25879146,2.399845496,0.231856414,2,5,3.5
232,2277,0.653050744,2.041303993,1.347177368,0.119948404,2,6,4
233,2289,1.927512285,4.990580123,3.459046204,0.842339162,4,4,4
234,2295,0.513323402,1.181718355,0.847520879,1.016830098,3,7,5
235,2306,1.919803172,2.972669651,2.446236411,0.16295265,2,5,3.5
236,2326,2.30516055,3.985020924,3.145090737,0.223479938,3,6,4.5
237,2335,1.163175154,1.394346653,1.278760903,-0.084908127,5,4,4.5
238,2343,0.513323402,1.181718355,0.847520879,-0.358551118,3,4,3.5
239,2344,1.481264606,4.471007648,2.976136127,0.200880049,6,5,5.5
240,2350,3.238875683,7.13971294,5.189294311,0.636328047,2,5,3.5
241,2366,0.767657774,1.271146457,1.019402115,-0.557016914,3,3,3
242,2368,1.943771599,4.837821447,3.390796523,0.537466116,3,6,4.5
243,2375,0.855168562,2.603559968,1.729364265,1.295751546,4,6,5
244,2378,3.076779322,6.771986231,4.924382776,0.368814075,3,5,4
245,2380,1.929567822,3.847199656,2.888383739,-0.366750031,5,5,5
246,2405,0.966867034,1.492348731,1.229607883,-0.240096798,3,5,4
247,2410,1.428937298,3.05644027,2.242688784,0.290917705,3,5,4
248,2411,3.289519846,7.23357518,5.261547513,0.573240268,2,5,3.5
249,2422,1.00719595,2.23687614,1.622036045,0.085464877,3,5,4
250,2435,1.338750988,2.238732785,1.788741886,-0.126098699,2,6,4
251,2443,0.906237211,1.296721832,1.101479521,0.330035273,3,5,4
252,2476,5.246548659,6.301714201,5.77413143,-0.220172383,3,6,4.5
253,2486,2.46112975,4.044559868,3.252844809,0.060921388,3,4,3.5
254,2491,1.562927005,2.493928487,2.028427746,-0.574976566,3,4,3.5
255,2501,0.927115854,1.671358608,1.299237231,-0.674549302,1.5,1.5,1.5
256,2523,1.934206113,3.242792711,2.588499412,-0.217479685,2.5,1,1.75
257,2528,2.07303684,4.535718306,3.304377573,0.397078286,1.5,7,4.25
258,2540,0.588148804,1.342541732,0.965345268,0.192941451,2,7,4.5
259,2542,1.665371518,4.344231877,3.004801698,-0.280724138,3,3,3
260,2558,1.741213324,5.496580787,3.618897055,0.342940087,3,7,5
261,2570,0.099431379,0.776051548,0.437741463,-0.254375563,2,3.5,2.75
262,2571,2.41124241,5.765961978,4.088602194,0.595405959,2,6.5,4.25
263,2580,1.615478455,3.654587686,2.63503307,0.640083423,2,6,4
264,2581,0.283934519,4.594761872,2.439348195,0.074469508,3.5,2,2.75
265,2609,0.654755194,1.909235215,1.281995205,-0.215507262,2.5,2.5,2.5
266,2622,1.111025028,1.579182687,1.345103857,-1.185268285,1.5,3.5,2.5
267,2634,0.492418084,1.048219234,0.770318659,0.338752504,2,4.5,3.25
268,2639,0.586328632,1.252604955,0.919466794,0.206694646,2.5,3.5,3
269,2646,2.731676768,5.485171518,4.108424143,0.463316347,4.5,5,4.75
270,2650,1.636383773,3.788086807,2.71223529,0.774723672,2.5,6.5,4.5
271,2656,1.575337018,3.082571362,2.32895419,-0.500852939,2,1,1.5
272,2657,0.075041794,0.163978709,0.119510252,-0.192176949,2,6,4
273,2661,0.724057529,1.549773911,1.13691572,-0.090138466,2.5,6.5,4.5
274,2679,0.609826217,0.284340809,0.447083513,-1.355225379,4,1.5,2.75
275,2708,0.324246208,0.136787297,0.230516752,-0.17663896,3,6,4.5
276,2709,0.276271665,0.801258941,0.538765303,-0.808419456,3.5,2,2.75
277,2715,0.885331893,1.16322271,1.024277302,0.095617388,2,3.5,2.75
278,2719,1.536125078,2.662122495,2.099123786,-0.402385519,3,4,3.5
279,2721,1.005741486,2.229937589,1.617839538,0.186991417,2.5,6.5,4.5
280,2722,0.45920732,0.271986891,0.365597106,-0.645826779,2,3.5,2.75
281,2742,1.57361787,2.422943622,1.998280746,-1.224897454,6.5,3.5,5
282,2744,1.123060371,2.606368452,1.864714411,0.148042283,2.5,4.5,3.5
283,2747,0.377760876,2.102836981,1.240298928,-0.280204634,2.5,5.5,4
284,2748,0.594981655,2.176099051,1.385540353,0.274594722,2,5.5,3.75
285,2771,2.390780294,6.013485423,4.202132859,0.134907314,5,2,3.5
286,2793,0.132087403,0.256314444,0.194200924,-0.66248679,3,1.5,2.25
287,2803,0.826163125,2.662313794,1.74423846,0.587369855,3,2,2.5
288,2813,2.774405486,5.782346614,4.27837605,0.338059977,3,5.5,4.25
289,2814,1.781223701,3.312976081,2.547099891,-0.086710067,2.5,5,3.75
290,2827,2.587970338,4.83769238,3.712831359,0.341072876,3,4.5,3.75
291,2828,1.349718457,5.800137975,3.574928216,0.976879465,2,6.5,4.25
292,2833,2.365027344,6.604439835,4.484733589,0.774723672,3.5,3.5,3.5
293,2843,1.169346352,1.582442057,1.375894204,0.05290539,3,4,3.5
294,2867,1.834915523,4.518507817,3.17671167,0.568588753,2.5,7,4.75
295,2873,0.906237211,2.309452,1.607844605,0.397078286,1.5,7,4.25
296,2889,0.324197734,0.159021833,0.241609783,-0.456810809,2,6.5,4.25
297,2891,3.241400472,6.0294501,4.635425286,0.29977438,2.5,3,2.75
298,2909,0.976692312,2.095857372,1.536274842,0.017844136,2,6.5,4.25
299,2912,0.925120773,2.018556574,1.471838674,0.151281151,3,3,3
300,2938,0.724472779,2.09512957,1.409801175,-0.251601335,2.5,6.5,4.5
301,2944,0.513323402,1.181718355,0.847520879,-0.081421235,1.5,6,3.75
302,2960,1.482119419,2.82827308,2.15519625,0.467874329,2,4,3
303,2968,0.559415404,1.453423731,1.006419568,0.204666477,3.5,2,2.75
304,2970,0.492418084,1.048219234,0.770318659,-0.084908127,2.5,4,3.25
305,2974,0.637704339,-0.317960159,0.15987209,-1.172506304,2,5.5,3.75
306,2983,0.727896289,0.567094212,0.64749525,-0.472168345,2,2.5,2.25
307,2984,0.985857846,2.097066354,1.5414621,0.261787496,1.5,4.5,3
308,2987,1.671765579,4.209924991,2.940845285,0.463316347,3,7,5
309,2995,1.314465511,3.500715415,2.407590463,0.151281151,3,2.5,2.75
310,3031,0.397250373,0.300450207,0.34885029,-0.360246444,2,6.5,4.25
311,3042,0.984836168,3.070662283,2.027749226,0.467874329,2.5,6.5,4.5
312,3071,1.409622151,3.174785389,2.29220377,0.066597815,1,7,4
313,3080,0.562920446,1.212485968,0.887703207,0.151281151,1.5,5,3.25
314,3099,1.719956099,3.368148442,2.54405227,0.029526958,1,4.5,2.75
315,3106,3.303219376,8.564983191,5.934101284,0.629378966,3,4,3.5
316,3109,0.567243486,1.20904261,0.888143048,-0.127406831,2.5,7,4.75
317,3116,1.483765325,2.26551425,1.874639788,0.052771492,5,5,5
318,3128,0.962187147,2.47939264,1.720789894,0.550896564,2,6.5,4.25
319,3132,0.651102336,0.307851845,0.479477091,-1.198037303,1,1,1
320,3155,2.917527377,6.750120891,4.833824134,0.875577808,2,6.5,4.25
321,3163,1.007774364,1.971259924,1.489517144,0.338752504,2,5.5,3.75
322,3169,0.276422025,0.881733209,0.579077617,-1.340219867,1,2,1.5
323,3171,1.531908278,2.599719037,2.065813657,0.231856414,2,7,4.5
324,3183,0.583825764,1.34598509,0.964905427,-0.138542538,2,6,4
325,3205,2.784870366,5.248705801,4.016788084,-0.223914146,2.5,2.5,2.5
326,3206,1.817587458,2.902807728,2.360197593,-0.376589211,2.5,2.5,2.5
327,3215,2.244291019,4.319943945,3.282117482,0.30957774,5,6.5,5.75
328,3219,0.323395264,0.156122599,0.239758931,-0.367268348,2,7,4.5
329,3238,1.309087356,3.551578074,2.430332715,0.29789149,6,7,6.5
330,3245,0.503361349,1.807966469,1.155663909,0.458130494,2.5,2,2.25
331,3261,0.56361491,0.754349583,0.658982246,-0.157181479,1.5,4.5,3
332,3265,1.786657295,4.84241214,3.314534717,0.60280654,2,4,3
333,3274,0.924380737,0.713251717,0.818816227,-1.075808308,1,3.5,2.25
334,3300,0.754810613,1.72098509,1.237897851,0.192941451,2,7,4.5
335,3302,1.978775247,5.869709706,3.924242477,0.271282771,1.5,3,2.25
336,3309,2.909425108,8.073240484,5.491332796,0.631969432,7,3.5,5.25
337,3314,1.192394598,2.159849508,1.676122053,-0.132129565,2,1.5,1.75
338,3325,0.698660473,1.074244982,0.886452728,-0.492250272,1.5,1.5,1.5
339,3326,2.570008321,7.439903386,5.004955853,0.198300641,6,6,6
340,3334,1.123060371,3.61909862,2.371079496,0.129821994,2,6,4
341,3351,0.897108622,1.352168996,1.124638809,-0.247408451,2,2.5,2.25
342,3356,0.99949424,1.872033961,1.4357641,-0.146818228,2,5,3.5
343,3358,1.966043152,3.382629281,2.674336216,0.645999286,3,2,2.5
344,3365,0.925120773,2.018556574,1.471838674,0.39128439,2.5,2.5,2.5
345,3367,0.846294075,2.598127151,1.722210613,0.255448326,2.5,2,2.25
346,3388,0.492418084,1.048219234,0.770318659,0.587369855,2,7,4.5
347,3389,0.362399613,0.572135635,0.467267624,-0.40570504,5.5,2,3.75
348,3427,6.20509837,7.063729115,6.634413743,0.348731432,3,5,4
349,3430,0.74975511,2.66695837,1.70835674,-0.142947777,2,5,3.5
350,3449,4.328519527,8.520806823,6.424663175,0.179050723,5.5,4.5,5
351,3454,4.518870143,9.874078445,7.196474294,-0.08941422,1.5,3,2.25
352,3463,1.616500133,3.655215572,2.635857853,0.060258645,2,6,4
353,3468,1.671484635,4.185630069,2.928557352,-0.429625259,2,3.5,2.75
354,3473,0.892579979,1.918306599,1.405443289,0.680691107,3,6.5,4.75
355,3480,1.03909473,1.225550461,1.132322596,0.060258645,6.5,7,6.75
356,3500,1.88348532,5.934238558,3.908861939,0.567337839,4,5,4.5
357,3515,1.238549533,2.090006356,1.664277945,0.251230864,3,5,4
358,3522,0.323395264,0.156122599,0.239758931,-0.17663896,5,2,3.5
359,3530,0.070502362,0.907503519,0.489002941,-0.635681,3,1,2
360,3555,2.321494494,5.347704396,3.834599445,0.800741314,2,5,3.5
361,3558,1.026863197,2.366592043,1.69672762,0.192941451,4,5,4.5
362,3608,1.007493281,2.334793792,1.671143537,-0.463792724,6,6,6
363,3621,1.757247449,3.156185723,2.456716586,0.237967083,2,7,4.5
364,3624,0.913331165,1.481776343,1.197553754,-0.090138466,2,7,4.5
365,3630,1.225700971,1.528181936,1.376941454,-1.421903413,2,4,3
366,3636,0.67900429,1.164693462,0.921848876,-0.472168345,2,5,3.5
367,3661,1.689117172,3.795759961,2.742438567,0.467874329,2,7,4.5
368,3666,0.321171418,2.687142245,1.504156831,1.016830098,5,2,3.5
369,3671,0.513323402,1.181718355,0.847520879,-0.358551118,1,1,1
370,3673,2.776579237,4.414589444,3.595584341,-0.46946094,4,1,2.5
371,3674,1.016928864,1.428830118,1.222879491,0.143962042,1,7,4
372,3678,4.531012805,7.201578514,5.866295659,0.630029307,5,3,4
373,3696,0.708860601,1.412110088,1.060485345,0.143962042,1,7,4
374,3700,1.88874866,5.216118501,3.552433581,0.42819195,2,7,4.5
375,3703,1.005727499,2.231121746,1.618424623,0.231856414,4,4,4
376,3725,3.378804719,5.366816373,4.372810546,0.215171342,6,5,5.5
377,3739,0.913331165,1.481776343,1.197553754,0.192941451,1,7,4
378,3740,2.518353436,4.973305019,3.745829227,-0.148754937,2,2,2
379,3741,2.546373663,5.145723084,3.846048373,0.652030152,4,5,4.5
380,3747,2.539433068,3.332934622,2.936183845,0.108992441,2,4,3
381,3762,2.220854364,4.43995536,3.330404862,0.089133088,3,4,3.5
382,3766,2.471152359,5.158679744,3.814916051,0.350846611,6,7,6.5
383,3768,1.689117172,3.795759961,2.742438567,0.467874329,2,2,2
384,3771,2.333208068,4.15393268,3.243570374,-0.132129565,1,4,2.5
385,3775,2.971647657,4.155164254,3.563405956,-1.36786287,5,3,4
386,3783,0.148029574,1.793703901,0.970866737,-0.091881912,1,1,1
387,3796,0.977176224,2.0609043,1.519040262,0.290917705,4,7,5.5
388,3804,1.764875138,3.947479321,2.856177229,0.019263584,6,4,5
389,3815,2.776995572,6.806939896,4.791967734,0.480811584,6,6,6
390,3822,4.042069147,6.716789929,5.379429538,-0.131757963,1,3,2
391,3830,0.965812701,2.165430263,1.565621482,-0.148464248,1,4,2.5
392,3843,3.468075183,6.785570481,5.126822832,0.556705727,6,2,4
393,3847,1.990607566,4.65550606,3.323056813,0.676690643,5,4,4.5
394,3851,0.070718755,0.167422067,0.119070411,-0.17663896,2,3,2.5
395,3855,2.741546725,5.392294168,4.066920446,0.379666661,3,3,3
396,3857,1.959779037,3.944209406,2.951994221,0.134431649,4,5,4.5
397,3865,1.24845607,1.678216979,1.463336525,-0.192176949,4,3,3.5
398,3869,0.525607916,0.686705322,0.606156619,-0.755808042,6,1,3.5
399,3876,1.005741486,2.229937589,1.617839538,0.787959928,1,7,4
400,3878,3.906442254,10.83066225,7.368552254,0.871497566,5,4,4.5
401,3879,1.006543957,2.232836823,1.61969039,0.076997448,3,7,5
402,3900,1.357651847,2.943005343,2.150328595,0.251230864,1,6,3.5
403,3929,1.750018635,3.684700531,2.717359583,0.656160483,7,4,5.5
404,3930,0.513323402,1.181718355,0.847520879,-0.091107822,5,2,3.5
405,3940,0.00080247,0.002899234,0.001850852,-0.40570504,1,3,2
406,3942,1.067696809,3.433663016,2.250679913,0.808534794,1,6,3.5
407,3962,0.763896423,2.771817279,1.767856851,-0.090138466,7,5,6
408,3968,4.345814053,9.739828861,7.042821457,0.277164414,1,3,2
409,3969,0.175058408,0.916596259,0.545827333,-0.254375563,1,1,1
410,3973,1.594573138,4.495312379,3.044942758,0.640083423,1,7,4
411,3976,0.765252402,1.598545631,1.181899017,-0.081421235,1,7,4
412,4012,0.329124883,0.767329848,0.548227366,0.05290539,4,3,3.5
413,4015,0.943373313,2.505364593,1.724368953,0.251230864,1,5,3
414,4021,0.460283641,0.788164348,0.624223994,-0.17663896,2,2,2
415,4063,1.350042068,2.51955931,1.934800689,0.341930427,1,7,4
416,4072,1.176726335,2.604937589,1.890831962,0.562300159,1,6,3.5
417,4080,0.889990411,4.147226333,2.518608372,-0.181985755,2,4,3
418,4117,1.636600166,5.168508599,3.402554382,0.052771492,3,7,5
419,4122,0.524266667,1.94146559,1.232866128,0.655793016,2,4,3
420,4123,1.908766301,3.793771533,2.851268917,0.246579349,1,3,2
421,4136,1.748051363,5.16343346,3.455742412,0.014678038,4,4,4
422,4153,2.794227292,7.405168162,5.099697727,0.465960985,2,4,3
423,4159,0.406811345,0.492340339,0.449575842,-0.192176949,1,1,1
424,4160,1.066451671,3.099998272,2.083224971,0.159635188,1,3,2
425,4162,2.64432842,0.506567128,1.575447774,-0.638741257,1,7,4
426,4173,1.846152307,3.86881442,2.857483364,0.057031474,1,2,1.5
427,4174,2.082790661,2.888995992,2.485893327,0.294411539,1,5,3
428,4176,0.656444293,1.483165377,1.069804835,0.095617388,1,7,4
429,4187,0.698162643,1.340362133,1.019262388,-0.157181479,1,7,4
430,4188,2.012413419,3.813709919,2.913061669,0.358681703,1,4,2.5
431,4189,3.905961627,8.316311493,6.11113656,0.185483945,1,7,4
432,4198,1.315503775,2.242464087,1.778983931,0.052771492,1,4,2.5
433,4207,0.266822679,0.903320802,0.585071741,0.181316152,1,6,3.5
434,4212,1.882610964,6.681083116,4.28184704,0.21036985,7,7,7
435,4229,4.471931162,11.40263415,7.937282657,0.21193363,1,6,3.5
436,4230,0.600505735,1.167814574,0.884160154,0.143962042,1,6,3.5
437,4231,1.259000939,1.754241005,1.506620972,-0.621637192,1,7,4
438,4233,1.363702717,3.376067643,2.36988518,-0.124226767,1,5,3
439,4242,2.579140637,5.195371793,3.887256215,0.465960985,1,5,3
440,4243,0.487952529,1.593368174,1.040660352,-0.472168345,2,3,2.5
441,4246,1.701494095,1.864910767,1.783202431,-0.91818824,1,3,2
442,4248,3.63187628,8.193040965,5.912458623,0.21888476,1,4,2.5
443,4258,2.647119962,5.719649063,4.183384512,0.464901843,1,6,3.5
444,4274,0.812150906,1.615499812,1.213825359,0.627056696,1,6,3.5
445,4285,0.492418084,1.048219234,0.770318659,0.472945231,1,7,4
446,4292,0.815813348,1.204341833,1.010077591,0.282342597,1,7,4
447,4304,1.482031995,2.620759202,2.051395598,0.197596453,1,1,1
448,4315,5.279260671,11.76433128,8.521795977,0.321990043,6,5,5.5
449,4317,1.089508705,1.638459243,1.363983974,-0.483919914,1,3,2
450,4318,1.508176871,2.418953389,1.96356513,0.560998668,1,4,2.5
451,4327,0.000432786,1.019040833,0.50973681,0.046955356,1,6,3.5
452,4337,0.830188705,1.893886953,1.362037829,0.330035273,1,6,3.5
453,4340,2.728626801,5.35897306,4.043799931,0.056431193,4,3,3.5
454,4348,0.34664937,0.680114538,0.513381954,-1.038146913,3,1,2
455,4350,0.972696543,2.641663893,1.807180218,0.095617388,1,7,4
456,4351,0.900927483,1.457633124,1.179280304,-0.030754475,1,2,1.5
457,4358,2.413242047,5.586640421,3.999941234,-0.440368703,2,3,2.5
458,4371,2.604477131,5.335462823,3.969969977,-0.058098241,1,5,3
459,4372,0.994376008,3.491122352,2.24274918,-0.007847164,1,7,4
460,4374,2.505862401,5.211820924,3.858841662,0.696707616,1,7,4
461,4386,1.281314104,2.663600828,1.972457466,0.520907762,1,5,3
462,4394,2.173006532,4.442429259,3.307717896,0.392719671,1,6,3.5
463,4408,0.489137933,2.150534705,1.319836319,-0.463792724,1,1,1
464,4416,0.587810564,1.497243667,1.042527115,-0.007237142,1,5,3
465,4425,1.215506907,0.942828615,1.079167761,-1.608632519,1,3,2
466,4432,2.112564587,4.141675337,3.127119962,0.528655637,2,6,4
467,4434,0.984836168,2.096438468,1.540637318,0.40363786,1,3,2
468,4448,3.008954455,2.723649156,2.866301805,-0.601942058,1,4,2.5
469,4469,2.593352719,5.077413003,3.835382861,0.16295265,1,7,4
470,4474,0.651082733,0.331424888,0.491253811,-1.521407276,1,3,2
471,4476,3.069431709,7.262135807,5.165783758,0.560447504,1,7,4
472,4486,1.536539696,3.814973188,2.675756442,-0.934758195,1,2,1.5
473,4537,0.074825401,0.160823376,0.117824389,-0.456810809,1,7,4
474,4555,0.222052505,0.938897875,0.58047519,-0.635681,1,3,2
475,4577,1.18730858,4.021287828,2.604298204,0.282342597,3,7,5
476,4579,4.294761958,9.143084727,6.718923342,0.27700081,1,6,3.5
477,4597,0.39222148,2.589512281,1.49086688,-0.333219614,1,7,4
478,4603,3.68388895,5.968598863,4.826243907,0.222593614,1,6,3.5
479,4614,1.221162818,1.789666482,1.50541465,-0.122191559,1,2,1.5
480,4619,1.096689553,2.256194747,1.67644215,-0.146818228,1,6,3.5
481,4626,1.329958527,4.734141764,3.032050146,0.246579349,1,5,3
482,4630,1.026646804,2.36343671,1.695041757,0.186991417,1,7,4
483,4642,0.195755886,0.985023162,0.590389524,-0.215507262,1,7,4
484,4643,1.13728998,0.747545995,0.942417988,-0.215507262,1,5,3
485,4663,0.405289792,1.695560747,1.050425269,0.05290539,3.5,2,2.75
486,4667,2.694259658,3.362822091,3.028540875,-1.402851976,2.5,3.5,3
487,4678,0.78696019,1.734943986,1.260952088,-0.092516526,1.5,5.5,3.5
488,4686,1.856653375,5.969953579,3.913303477,0.178274186,5.5,5.5,5.5
489,4692,3.440491975,4.531934512,3.986213243,-0.846150194,2,3.5,2.75
490,4694,1.083457747,2.761071174,1.92226446,-0.45604485,3,3,3
491,4707,1.46955915,3.029068658,2.249313904,1.295751546,3.5,6,4.75
492,4727,0.432877489,0.79852373,0.61570061,-0.17663896,2.5,3,2.75
493,4732,1.192542545,2.766643198,1.979592871,-0.091881912,1,7,4
494,4743,2.762916951,6.398597634,4.580757292,0.573326046,6,4.5,5.25
495,4751,3.156251132,7.202641985,5.179446558,0.406810846,2.5,7,4.75
496,4772,1.443535458,4.678374723,3.060955091,0.134476996,2,5.5,3.75
497,4790,0.70871163,1.188278957,0.948495294,1.161665519,2.5,5.5,4
498,4801,1.730164178,3.774998168,2.752581173,-0.002036156,1.5,6.5,4
499,4812,0.400367498,0.30739312,0.353880309,-0.957776183,2.5,2.5,2.5
500,4817,3.063926348,3.649226167,3.356576257,-0.500963464,4,5,4.5
501,4821,-0.394421878,1.503452164,0.554515143,0.036029557,1.5,7,4.25
502,4825,3.874402057,7.374103532,5.624252794,0.676690643,1,7,4
503,4833,0.492418084,2.060949403,1.276683743,0.801907498,2,7,4.5
504,4850,1.498960438,3.433423119,2.466191779,-0.23232103,3,7,5
505,4852,0.513323402,1.181718355,0.847520879,-0.148464248,2,3.5,2.75
506,4859,0.94032449,1.872482703,1.406403596,-1.75748991,4.5,2,3.25
507,4865,0.070502362,0.164266734,0.117384548,-0.528315939,3,6.5,4.75
508,4868,1.387790883,1.002970725,1.195380804,-0.72692296,3.5,4,3.75
509,4877,1.337556829,3.746158586,2.541857707,-0.442407899,1.5,1,1.25
510,4878,0.505731764,1.46697107,0.986351417,-0.192176949,2,1,1.5
511,4880,1.091206987,1.282647454,1.186927221,-0.506883806,3.5,2,2.75
512,4882,2.661523789,4.494402917,3.577963353,0.680691107,3.5,3.5,3.5
513,4883,2.990446266,5.634748916,4.312597591,0.587875949,2.5,5,3.75
514,4920,0.513323402,1.181718355,0.847520879,-0.081421235,1,7,4
515,4925,0.422734142,0.224740438,0.32373729,-0.803394563,3,3,3
516,4927,3.360131124,7.417177129,5.388654126,0.501236676,3,7,5
517,4928,0.982806374,2.03717671,1.509991542,0.187125315,3,5,4
518,4938,2.157613352,4.984332347,3.57097285,0.282342597,3.5,4,3.75
519,4944,0.149650803,0.321646753,0.235648778,-0.814551191,3,4.5,3.75
520,4955,0.404690537,0.303949762,0.35432015,-0.712339654,3,2.5,2.75
521,4968,2.7691235,6.21951868,4.49432109,0.052857271,3.5,7,5.25
522,4972,1.559484922,3.798286017,2.67888547,0.397078286,2,3,2.5
523,5004,0.745181377,1.213175278,0.979178327,-1.284337708,1.5,7,4.25
524,5037,1.070500861,3.004538894,2.037519878,0.39128439,2,5,3.5
525,5046,6.48218073,7.002785167,6.742482948,-0.781439355,2.5,3.5,3
526,5047,0,0,0,-0.528315939,4,4,4
527,5051,1.097365559,2.530858777,1.814112168,-0.089559642,3.5,7,5.25
528,5056,1.579367261,3.316319348,2.447843305,0.095617388,1.5,4,2.75
529,5057,3.24417418,6.434075663,4.839124922,0.532049068,4,6,5
530,5084,1.980650239,2.911216698,2.445933469,-0.70968191,3.5,6.5,5
531,5093,0.978695599,3.107755145,2.043225372,0.294411539,2,6.5,4.25
532,5099,1.005741486,2.229937589,1.617839538,0.467874329,3.5,7,5.25
533,5104,2.261752167,4.492711364,3.377231765,0.50620034,3,7,5
534,5109,0.568900209,2.937431779,1.753165994,0.698133734,5,5,5
535,5124,2.282653802,4.899366481,3.591010141,0.224991838,2,4.5,3.25
536,5127,0.543608488,2.033640696,1.288624592,0.222754767,6,3.5,4.75
537,5128,1.098155898,1.889864419,1.494010158,-0.287706207,7,5.5,6.25
538,5135,3.139471503,6.728862369,4.934166936,0.42957936,2.5,4,3.25
539,5149,2.310715329,4.37357289,3.34214411,0.377620805,3.5,3,3.25
540,5156,1.615478455,3.654587686,2.63503307,0.28212831,2,7,4.5
541,5157,1.057783605,1.337417971,1.197600788,-0.389260817,3.5,5.5,4.5
542,5158,1.431294162,4.25373691,2.842515536,0.261787496,6,5.5,5.75
543,5169,1.238694418,4.122698556,2.680696487,0.455404069,6,4,5
544,5185,4.480674071,4.872425231,4.676549651,-0.677041536,3,4,3.5
545,5194,1.592703605,4.451569439,3.022136522,0.048426476,3,2,2.5
546,5199,0.436375135,1.964792202,1.200583668,0.741491781,2,2,2
547,5205,4.046595826,7.496946307,5.771771066,-0.615959814,4,3,3.5
548,5206,0.588148804,1.342541732,0.965345268,-0.091881912,2,5,3.5
549,5219,1.174996464,3.3131202,2.244058332,0.39128439,4,3,3.5
550,5221,1.451689955,3.027471351,2.239580653,-0.170829798,4,4,4
551,5225,1.573379606,3.309634659,2.441507133,0.707632972,4,3,3.5
552,5260,1.327074696,3.213182057,2.270128377,0.330035273,2,5,3.5
553,5270,0.836718666,1.337840954,1.08727981,0.192941451,1,5,3
554,5279,0.513323402,1.181718355,0.847520879,-0.084908127,2,4,3
555,5293,1.240752709,3.628995493,2.434874101,0.578132114,2,5,3.5
556,5319,0.772259009,1.453796884,1.113027946,-0.17663896,1,4,2.5
557,5339,1.026646804,2.36343671,1.695041757,0.397078286,2,4,3
558,5364,1.106153929,1.492537712,1.29934582,-0.202535608,2,4,3
559,5365,1.957228497,4.590184422,3.27370646,0.231856414,3,3,3
560,5381,1.306064912,3.34327373,2.324669321,-0.000129436,1,3,2
561,5382,1.913390428,3.397375592,2.65538301,-0.019480841,2,3,2.5
562,5391,2.710100142,7.017452612,4.863776377,0.172268583,1,7,4
563,5397,0.400367498,0.30739312,0.353880309,-0.627825982,3,4,3.5
564,5435,0.566056801,1.18939151,0.877724155,-0.091107822,1,1,1
565,5453,0.998266262,2.468638161,1.733452211,0.192941451,2,3,2.5
566,5458,5.405131581,10.78003787,8.092584724,0.067736898,2,3,2.5
567,5482,1.467368334,0.449380045,0.95837419,-2.573871908,1,1,1
568,5493,1.627477497,1.631463449,1.629470473,-0.45604485,4,1,2.5
569,5511,0.583825764,1.34598509,0.964905427,0.251230864,2,3,2.5
570,5513,0.492418084,1.048219234,0.770318659,0.698133734,2,2,2
571,5529,3.488378113,5.626635182,4.557506647,0.195191034,2,3,2.5
572,5532,1.618414627,3.192510648,2.405462638,0.119948404,2,1,1.5
573,5533,4.595891742,5.952323697,5.274107719,-0.288677206,2,2,2
574,5543,3.652096759,8.894409223,6.273252991,0.372026373,4,4,4
575,5570,0.586962119,1.322890631,0.954926375,0.338752504,4,1,2.5
576,5583,1.847920371,4.159041596,3.003480983,0.393770383,2,3,2.5
577,5596,1.005741486,2.229937589,1.617839538,0.467874329,2,4,3
578,5618,0.625375299,1.197351553,0.911363426,0.151281151,2,2,2
579,5632,3.063963254,6.619429749,4.841696502,0.407101941,2,4,3
580,5637,2.437017758,6.141536465,4.289277112,0.811281198,4,2,3
581,5665,1.808171092,4.16598604,2.987078566,0.372026373,4,6,5
582,5675,1.959779037,3.944209406,2.951994221,0.29789149,4,7,5.5
583,5677,1.493637277,3.069771521,2.281704399,-0.156402797,4,1,2.5
584,5680,0.285241946,0.789266734,0.53725434,-0.40570504,4,5,4.5
585,5689,3.211892401,8.072162029,5.642027215,0.22416057,4,5,4.5
586,5718,0.835779574,2.196363308,1.516071441,0.029526958,4,6,5
587,5763,2.321494494,6.360434564,4.340964529,0.381280867,5,6,5.5
588,5764,1.026646804,2.36343671,1.695041757,0.22770302,5,6,5.5
589,5774,1.395894689,3.156694849,2.276294769,-0.087230397,5,6,5.5
590,5776,1.237380931,2.731492266,1.984436598,0.467874329,6,6,6
591,5786,0.00080247,0.002899234,0.001850852,-0.528315939,5,6,5.5
592,5803,1.387650853,3.053989727,2.22082029,0.634030481,4,2,3
593,5804,1.522660871,3.425551227,2.474106049,0.472945231,5,3,4
594,5827,1.507224282,1.666950423,1.587087352,-0.783097303,4,4,4
595,5833,2.666293024,4.252517039,3.459405032,0.026040065,6,2,4
596,5836,1.002740026,0.399344285,0.701042156,-1.075808308,5,3,4
597,5837,0.740326794,1.190608219,0.965467507,-0.17663896,5,4,4.5
598,5860,0.751326404,1.784156734,1.267741569,-1.197560419,4,5,4.5
599,5873,0.740899345,3.66971784,2.205308593,0.608884949,5,1,3
600,5879,1.005741486,2.229937589,1.617839538,0.397078286,5,5,5
601,5885,0.986942581,1.255393569,1.121168075,-1.533016084,4,3,3.5
602,5893,2.616566661,7.342651915,4.979609288,0.737012866,7,4,5.5
603,5895,1.96300277,2.608595229,2.285798999,-0.511366617,5,4,4.5
604,5897,2.111492522,4.716702202,3.414097362,0.39128439,5,6,5.5
605,5899,2.593252958,5.70760887,4.150430914,0.313429478,5,5,5
606,5904,3.527652244,4.741946456,4.13479935,0.131784635,5,3,4
607,5905,0.772259009,1.453796884,1.113027946,-0.17663896,5,6,5.5
608,5919,3.748578595,5.038068755,4.393323675,0.105742947,5,1,3
609,5926,1.762988884,3.622682174,2.692835529,0.560998668,5,4,4.5
610,5927,1.367936302,3.077507172,2.222721737,0.192941451,5,4,4.5
611,5932,1.821072288,6.0917607,3.956416494,0.045528388,6,2,4
612,5940,1.469390116,3.098341185,2.283865651,0.184643498,5,4,4.5
613,5956,2.054644109,5.094149643,3.574396876,0.537466116,5,4,4.5
614,5969,0.422734142,0.224740438,0.32373729,-1.223568302,5,1,3
615,5970,0.00080247,0.002899234,0.001850852,-0.528315939,5,2,3.5
616,5982,0.90230221,1.802716735,1.352509473,0.680691107,5,1,3
617,5989,1.350042068,2.51955931,1.934800689,0.29789149,5,4,4.5
618,5990,0.774087359,1.586852189,1.180469774,0.164998028,5,5,5
619,5995,1.216475613,2.597993145,1.907234379,0.467874329,5,6,5.5
620,6026,0.509394206,1.055813092,0.782603649,-0.17663896,5,5,5
621,6034,1.78760288,2.404995906,2.096299393,-0.151993552,5,3,4
622,6040,0.933644245,0.454105589,0.693874917,-0.355509151,5,2,3.5
623,6044,2.305296986,4.507024255,3.406160621,0.822441246,4,1,2.5
624,6046,3.801994271,7.438172052,5.620083161,0.255191285,5,5,5
625,6057,1.093222692,2.147672735,1.620447713,-0.048951958,4,3,3.5
626,6071,3.298981669,7.218436865,5.258709267,0.435396598,7,4,5.5
627,6075,0.913331165,1.481776343,1.197553754,0.010546354,5,5,5
628,6099,0.393679908,0.319296579,0.356488243,-0.336459886,5,4,4.5
629,6106,0.895591363,3.031369449,1.963480406,0.383536668,5,3,4
630,6117,1.31435521,2.631556287,1.972955749,0.327127205,5,5,5
631,6141,1.828794527,4.901176415,3.364985471,-0.534685834,5,6,5.5
632,6163,0.295021853,0.697591041,0.496306447,1.581839258,5,1,3
633,6168,1.225171556,1.327680284,1.27642592,0.036091622,1,1,1
634,6180,0.809262699,2.360363759,1.584813229,0.251230864,2,6,4
635,6195,1.003150375,3.572266435,2.287708405,-0.086177356,2,4,3
636,6209,1.142608325,1.769004748,1.455806537,0.035752586,5,4,4.5
637,6227,0.507528091,1.131160717,0.819344404,0.143962042,2,3,2.5
638,6231,1.026646804,2.36343671,1.695041757,0.534552363,4,5,4.5
639,6243,0.684308251,1.556718355,1.120513303,0.119948404,4,5,4.5
640,6285,0.324659551,0.157654884,0.241157217,-0.635681,6,4,5
641,6294,4.288720004,6.611725916,5.45022296,-0.059101889,1,3,2
642,6297,0.401707153,0.455075721,0.428391437,-0.367268348,3,7,5
643,6300,0.929885325,2.278875357,1.604380341,0.244257079,4,6,5
644,6314,0.774858636,1.608541603,1.19170012,0.550896564,1,7,4
645,6325,0.425857045,0.466192349,0.446024697,-0.157181479,2,4,3
646,6326,0.917953801,1.716704214,1.317329008,0.830900343,2,2,2
647,6327,1.556668567,3.404892182,2.480780375,0.282342597,3,6,4.5
648,6329,1.123060371,2.606368452,1.864714411,0.192941451,5,7,6
649,6335,1.888312773,4.204914083,3.046613428,0.28212831,2,7,4.5
650,6341,1.026646804,2.36343671,1.695041757,0.261787496,3,5,4
651,6345,1.636383773,4.762310622,3.199347197,0.083161368,4,7,5.5
652,6365,2.871302625,8.120722566,5.496012596,0.08778174,5,3,4
653,6370,2.540773737,4.749683636,3.645228687,-0.396963897,3,4,3.5
654,6378,0.202847394,0.163173979,0.183010687,0.002445961,3,5,4
655,6386,0.562713705,0.795593957,0.679153831,-0.621637192,4,4,4
656,6395,3.110429871,4.83003118,3.970230525,-0.187446047,5,4,4.5
657,6399,0.392913809,0.115003476,0.253958643,-0.635681,1,2,1.5
658,6404,2.819175547,7.649190909,5.234183228,0.241934809,6,7,6.5
659,6405,1.154132743,2.186311336,1.67022204,0.472945231,2,7,4.5
660,6416,0.372420605,0.51628378,0.444352192,-0.254375563,4,1,2.5
661,6418,1.005741486,2.229937589,1.617839538,0.341930427,2,5,3.5
662,6430,2.265352674,2.911743639,2.588548157,-1.034355619,2,1,1.5
663,6440,1.431953216,2.184559603,1.80825641,-0.138097134,2,3,2.5
664,6445,0.555544328,1.222434325,0.888989326,-0.023366696,3,6,4.5
665,6465,0.923669696,4.472748479,2.698209088,0.141315613,7,4,5.5
666,6468,1.159491231,2.07583367,1.617662451,-0.71136072,5,3,4
667,6469,1.150723936,2.742594474,1.946659205,0.528655637,4,6,5
668,6472,2.122141809,5.376242588,3.749192198,0.151281151,4,7,5.5
669,6485,1.458061649,2.832447957,2.145254803,-0.955906355,2,4,3
670,6490,3.359157121,3.41593631,3.387546715,0.134476996,4,3,3.5
671,6497,2.544525062,5.91760781,4.231066436,0.635613851,3,7,5
672,6500,0.513323402,1.946321342,1.229822372,0.035752586,3,5,4
673,6506,0.492418084,1.048219234,0.770318659,0.458130494,3,5,4
674,6514,4.085557908,8.589558409,6.337558158,0.322587301,4,5,4.5
675,6516,4.424223399,8.528879436,6.476551418,0.133353621,5,5,5
676,6519,3.041229542,8.295158247,5.668193894,0.415476012,3,6,4.5
677,6530,2.405210977,7.319398101,4.862304539,0.127222252,3,4,3.5
678,6538,2.487077542,3.616837671,3.051957606,0.399537275,5,3,4
679,6539,0.315929543,0.228955862,0.272442703,-0.031520435,4,7,5.5
680,6546,2.000928603,3.497846364,2.749387484,-0.775069538,5,3,4
681,6554,0.798329439,1.085926344,0.942127891,-1.355225379,1,1,1
682,6570,1.190910455,2.045793436,1.618351945,0.084649777,1,3,2
683,6575,5.940720472,9.548997163,7.744858818,-0.144495957,5,4,4.5
684,6577,0.480910077,0.958771465,0.719840771,-0.425594131,1,3,2
685,6579,1.005300536,2.186923004,1.59611177,-0.501462029,5,4,4.5
686,6595,1.648003756,1.834258119,1.741130938,-0.005492276,5,4,4.5
687,6598,0.513323402,1.181718355,0.847520879,-0.090138466,5,5,5
688,6604,1.553864456,4.033444799,2.793654627,0.75311708,2,6,4
689,6617,2.149707175,4.969805162,3.559756169,0.588243467,2,7,4.5
690,6627,0.605378982,0.417210769,0.511294875,-1.172506304,1,3,2
691,6628,1.333407944,2.577360285,1.955384115,0.920255272,3,7,5
692,6631,0.572823599,0.458810925,0.515817262,-1.922464669,1,2,1.5
693,6639,2.758546542,3.49823065,3.128388596,-1.325460675,4,2,3
694,6644,0.813576126,1.434892962,1.124234544,-0.142947777,4,3,3.5
695,6650,0.906237211,2.309452,1.607844605,0.186991417,1,6,3.5
696,6655,0.764599428,1.304819191,1.03470931,-0.087230397,2,7,4.5
697,6665,1.307703514,3.212840954,2.260272234,0.192941451,1,5,3
698,6666,1.538970516,2.765081832,2.152026174,0.008040394,1,6,3.5
699,6678,1.842643145,4.27912532,3.060884232,0.520907762,1,7,4
700,6711,2.625618395,5.901319791,4.263469093,0.456977176,1,6,3.5
701,6733,1.944860299,1.922834171,1.933847235,-0.400834348,1,1,1
702,6737,1.871433408,3.103689033,2.48756122,0.083161368,1,4,2.5
703,6745,0.537322152,1.07925976,0.808290956,0.181316152,3,5,4
704,6771,2.588148804,2.842541732,2.715345268,-0.081421235,1,1,1
705,6773,2.605714218,4.858682383,3.7321983,0.372026373,1,6,3.5
706,6775,2.411788344,5.999258547,4.205523446,0.249796114,6,4,5
707,6791,1.48728181,3.702788988,2.595035399,-0.083359947,3,2,2.5
708,6797,1.888159085,5.598710212,3.743434649,0.063431717,2,2,2
709,6812,1.882194023,5.336640352,3.609417188,0.470486388,2,7,4.5
710,6813,0.422734142,0.224740438,0.32373729,-1.223568302,1,2,1.5
711,6816,2.049923183,5.085802326,3.567862755,0.580495592,1,4,2.5
712,6819,2.121397975,3.458782099,2.790090037,0.277487257,1,4,2.5
713,6824,1.080566888,2.390760966,1.735663927,0.397078286,1,5,3
714,6847,0.100316949,0.145888032,0.12310249,0.40535279,1,2,1.5
715,6848,0.80075247,1.004106513,0.902429491,-0.165533731,1,1,1
716,6860,0.498929157,0.169075782,0.334002469,-0.635681,1,5,3
717,6866,1.002650778,1.539653573,1.271152175,-0.528315939,1,6,3.5
718,6871,1.806906115,3.829499968,2.818203042,0.296513766,1,5,3
719,6882,4.627073032,9.189926771,6.908499901,0.248759001,1,5,3
720,6883,1.683655547,3.789530759,2.736593153,0.170360868,1,2,1.5
721,6888,1.308231432,2.252561067,1.78039625,0.562300159,1,6,3.5
722,6893,1.405057669,2.055158578,1.730108124,-0.75272319,2,1,1.5
723,6898,1.808171092,4.16598604,2.987078566,0.29789149,1,7,4
724,6900,1.05966157,2.257261844,1.658461707,-0.086177356,2,2,2
725,6915,1.613050552,4.23109177,2.922071161,0.465960985,2,7,4.5
726,6916,5.339086545,3.92206562,4.630576083,0.335488332,2,6,4
727,6918,3.100101002,5.374217875,4.237159439,-0.238569833,5,7,6
728,6928,1.08975543,2.970115724,2.029935577,0.211026901,1,2,1.5
729,6933,0.959589934,0.747952253,0.853771093,-0.559438577,1,2,1.5
730,6938,2.582610932,5.951242491,4.266926712,0.210714367,2,2,2
731,6946,2.750322405,5.648280889,4.199301647,0.96405637,6,7,6.5
732,6950,2.85834328,7.024758017,4.941550648,0.630029307,6,7,6.5
733,6960,5.389562935,8.00523731,6.697400123,0.320012084,2,5,3.5
734,6964,4.106573244,5.637183459,4.871878352,0.472945231,1,7,4
735,6967,1.709821994,4.324708244,3.017265119,0.290917705,4,7,5.5
736,6977,1.498472721,3.122991106,2.310731913,0.036029557,2,5,3.5
737,6978,2.340785622,4.991837665,3.666311643,0.50620034,1,2,1.5
738,6981,1.123060371,2.606368452,1.864714411,0.270724715,1,6,3.5
739,7050,0.394118554,0.338650278,0.366384416,-0.254375563,3,1,2
740,7051,0.926466522,1.155556922,1.041011722,-0.170619739,2,2,2
741,7056,0.935524134,1.025111409,0.980317771,0.624840215,5,1,3
742,7069,1.450433882,3.605679929,2.528056906,0.179442512,2,4,3
743,7072,1.075754339,1.389124672,1.232439505,-0.202535608,4,2,3
744,7073,1.793181835,2.787569512,2.290375673,-0.023366696,3,4,3.5
745,7075,0.073638717,0.141172276,0.107405496,-0.814551191,2,2,2
746,7088,0.513309415,1.182902512,0.848105963,0.178274186,3,4,3.5
747,7095,3.731418549,8.495524138,6.113471344,0.230429445,6,2,4
748,7101,0.513323402,1.181718355,0.847520879,0.146294895,3,2,2.5
749,7103,2.769568691,6.453418176,4.611493433,0.768866689,4,3,3.5
750,7114,1.102155053,2.47286933,1.787512192,-0.081421235,2,1,1.5
751,7138,1.405749249,2.529995577,1.967872413,0.091854524,2,3,2.5
752,7155,0.566056801,1.18939151,0.877724155,-0.138542538,2,4,3
753,7166,1.383348292,2.801475224,2.092411758,0.587369855,2,6,4
754,7174,1.368867055,2.207719794,1.788293424,-1.031416468,4,2,3
755,7222,1.462723404,1.540240577,1.50148199,-0.769823214,5,2,3.5
756,7233,0.667359435,1.201778618,0.934569026,0.305968135,6,4,5
757,7241,0.513323402,1.181718355,0.847520879,-0.084908127,3,7,5
758,7251,0.710547679,3.04953861,1.880043144,0.031111462,3,5,4
759,7254,3.695581019,2.61550895,3.155544985,0.066018359,4,3,3.5
760,7288,0.689561504,0.659410165,0.674485835,-0.03663707,2,3,2.5
761,7300,0.00080247,0.002899234,0.001850852,-0.635681,3,7,5
762,7323,0.795763954,1.742040724,1.268902339,0.344552116,2,4,3
763,7337,1.005741486,2.229937589,1.617839538,0.920255272,2,4,3
764,7354,0.725226131,0.908288001,0.816757066,-0.336459886,4,5,4.5
765,7363,2.592892634,6.308233247,4.450562941,0.583111396,2,5,3.5
766,7365,4.591397326,10.08056793,7.335982627,0.229246849,4,3,3.5
767,7367,2.207420412,4.987607733,3.597514072,0.262273987,3,5,4
768,7373,0.592651587,1.394534514,0.99359305,-1.093370241,2,3,2.5
769,7379,0.572823599,0.458810925,0.515817262,-1.922464669,4,2,3
770,7386,1.81065957,3.678156823,2.744408197,0.566256022,3,5,4
771,7433,3.240038714,5.857733774,4.548886244,0.196519122,4,2,3
772,7461,0.731676351,2.371456368,1.551566359,0.550896564,3,5,4
773,7476,1.492072803,1.351382008,1.421727405,-0.399793322,3,5,4
774,7486,2.48930438,5.980086657,4.234695519,-0.088050503,3,2,2.5
775,7488,0.806059581,1.527655128,1.166857355,-0.036058118,3,4,3.5
776,7522,0.828407424,2.284361019,1.556384222,0.141315613,1.666666667,2.666666667,2.166666667
777,7542,0.349139154,0.278330292,0.313734723,-0.814551191,2.333333333,2.333333333,2.333333333
778,7547,2.149707175,4.969805162,3.559756169,0.635613851,2.666666667,7,4.833333333
779,7574,1.636383773,3.788086807,2.71223529,0.341930427,3,5,4
780,7575,1.974669685,4.467462548,3.221066116,0.170419217,2,6.333333333,4.166666667
781,7579,0.780961329,1.614770318,1.197865824,0.550896564,2,5.333333333,3.666666667
782,7587,2.850392986,4.310371863,3.580382425,0.128665634,2,5,3.5
783,7593,0.558077106,1.211297195,0.88468715,-0.157181479,2,4.333333333,3.166666667
784,7608,2.81233042,5.327363384,4.069846902,0.456654469,3.666666667,5,4.333333333
785,7613,1.005741486,2.229937589,1.617839538,0.640083423,3,6.666666667,4.833333333
786,7629,2.60347825,7.225144924,4.914311587,0.141891857,6.666666667,5.666666667,6.166666667
787,7644,0.673315237,1.570766465,1.122040851,-0.318851038,1.666666667,5.666666667,3.666666667
788,7648,1.143684741,2.854173705,1.998929223,0.330035273,2,4.666666667,3.333333333
789,7662,2.636972878,4.445736839,3.541354859,-0.216384142,3.333333333,3.666666667,3.5
790,7665,2.046995732,6.49307009,4.270032911,0.583111396,2,6.333333333,4.166666667
791,7671,0.909326317,2.13937291,1.524349613,-0.26931964,2.333333333,5,3.666666667
792,7694,1.589599027,4.986340002,3.287969514,-0.165181043,4,4.666666667,4.333333333
793,7720,1.358959127,3.156721235,2.257840181,0.774723672,2,7,4.5
794,7731,1.102957524,2.475768564,1.789363044,-0.090138466,1.666666667,6,3.833333333
795,7737,1.467806512,3.475417948,2.47161223,0.06780191,2.666666667,6.333333333,4.5
796,7746,0.394150166,0.615297101,0.504723633,0.314640817,3,3,3
797,7752,3.714250919,8.285561447,5.999906183,0.520264715,2.666666667,6.666666667,4.666666667
798,7758,3.298008992,7.534187525,5.416098259,0.462474093,3,7,5
799,7761,0.392913809,0.115003476,0.253958643,-0.157181479,1.666666667,5,3.333333333
800,7764,1.37146091,1.712080031,1.541770471,-0.497116059,1.666666667,5,3.333333333
801,7768,0.583825764,1.34598509,0.964905427,-0.087230397,1.333333333,7,4.166666667
802,7770,2.166361637,2.62234169,2.394351663,-0.375830179,2.333333333,4.333333333,3.333333333
803,7794,1.855945478,5.2025926,3.529269039,0.282353501,1.666666667,6.666666667,4.166666667
804,7802,1.332170017,2.454543288,1.893356652,-0.155353463,3,5,4
805,7830,1.687260251,2.717823231,2.202541741,0.29789149,2.666666667,7,4.833333333
806,7835,1.848779866,2.154433058,2.001606462,-0.561858652,1.333333333,1.333333333,1.333333333
807,7844,0.394346527,0.935813512,0.665080019,-0.254375563,1,1.666666667,1.333333333
808,7847,2.183219775,3.033559051,2.608389413,-0.712274642,2,1.666666667,1.833333333
809,7873,0.972673352,2.520885197,1.746779275,-0.138542538,2,5.333333333,3.666666667
810,7883,1.346537465,3.580214511,2.463375988,0.246579349,1.666666667,6.333333333,4
811,7885,1.005741486,2.229937589,1.617839538,0.534552363,2.333333333,5.666666667,4
812,7888,2.065875113,4.651268216,3.358571665,0.414562667,1.666666667,6.666666667,4.166666667
813,7893,2.492472345,5.176754124,3.834613234,0.556705727,1.666666667,6.666666667,4.166666667
814,7894,0.836718666,1.337840954,1.08727981,0.327127205,2.333333333,6,4.166666667
815,7896,2.24471377,2.942084383,2.593399077,0.026040065,2.333333333,4.333333333,3.333333333
816,7898,1.134759789,0.857485449,0.996122619,-0.987950434,3.333333333,3,3.166666667
817,7915,0.428740221,0.303117694,0.365928957,-0.712339654,3.333333333,4.666666667,4
818,7922,1.469983789,3.350625904,2.410304846,0.052771492,2,6.333333333,4.166666667
819,7924,1.887455308,2.245717065,2.066586187,0.241934809,4,3.666666667,3.833333333
820,7931,1.677828689,2.341463203,2.009645946,-0.040552829,2.666666667,4.333333333,3.5
821,7952,0.816661793,1.378694869,1.097678331,0.060258645,2.333333333,6.666666667,4.5
822,7959,2.320692024,5.344805162,3.832748593,0.416535767,2,7,4.5
823,7961,0.813101996,2.137723471,1.475412734,-0.198849418,2,5.666666667,3.833333333
824,7966,1.098266909,2.528076146,1.813171528,0.192941451,2,6.666666667,4.333333333
825,7976,1.241337473,3.160395695,2.200866584,0.024183306,2,4.666666667,3.333333333
826,7985,0.074825401,0.160823376,0.117824389,-0.215507262,2,7,4.5
827,7991,5.919192754,12.88491286,9.402052806,-0.243293003,2,4,3
828,7992,0.817695308,1.415178564,1.116436936,0.321318042,3.5,3.5,3.5
829,7997,1.249139577,2.259301541,1.754220559,-0.000129436,1.5,4.5,3
830,7998,0.44966557,1.317115335,0.883390453,-0.192176949,3,5.5,4.25
831,7999,0.074825401,0.160823376,0.117824389,-0.40570504,1.5,6,3.75
832,8011,0.694596262,0.790957271,0.742776767,-0.472168345,2,3.5,2.75
833,8014,1.071354044,2.171833075,1.62159356,-0.040552829,3,4.5,3.75
834,8029,1.738178175,1.565253739,1.651715957,-0.336459886,3.5,6.5,5
835,8034,3.400325132,4.506044448,3.95318479,0.0867445,2.5,4.5,3.5
836,8040,0.122189638,1.046674798,0.584432218,-0.528315939,4,4,4
837,8045,4.914832642,9.62175787,7.268295256,0.142340707,4,5.5,4.75
838,8066,1.886208578,3.987134014,2.936671296,-0.985797607,5.5,6,5.75
839,8070,1.925874379,2.422948421,2.1744114,-0.678907547,4,3.5,3.75
840,8072,1.500084768,2.516829604,2.008457186,-0.138542538,4.5,5,4.75
841,8090,4.012455683,7.958839381,5.985647532,0.338173239,5,4,4.5
842,8092,1.140390303,2.844885602,1.992637953,0.134476996,1,1,1
843,8103,0.458414827,1.525296987,0.991855907,0.017844136,5,3,4
844,8105,1.155821017,2.471438468,1.813629742,0.397078286,3,4,3.5
845,8111,1.595005923,3.527399229,2.561202576,0.173869432,6,5,5.5
846,8131,2.910326145,6.638855371,4.774590758,0.416535767,3,2,2.5
847,8138,2.585224756,4.693610737,3.639417747,-0.534685834,2,2,2
848,8139,1.101472206,2.524260087,1.812866146,0.29789149,3,6,4.5
849,8159,1.599895192,3.026183756,2.313039474,-0.452718655,2,4,3
850,8162,1.843985664,4.733528433,3.288757049,0.512028262,5,3,4
851,8165,0.829957293,3.766192755,2.298075024,0.204666477,1,4,2.5
852,8168,1.102155053,3.485599499,2.293877276,0.774723672,3,5,4
853,8180,1.636383773,3.788086807,2.71223529,0.920255272,4,5,4.5
854,8224,0.560787116,1.237798116,0.899292616,0.151281151,5,4,4.5
855,8245,3.443752395,7.951173614,5.697463004,0.397078286,3,4,3.5
856,8248,0.492418084,1.048219234,0.770318659,0.550896564,3,5,4
857,8253,0.070502362,0.164266734,0.117384548,-0.215507262,5,6,5.5
858,8257,3.059184678,6.051744281,4.55546448,0.759274749,4,7,5.5
859,8260,1.632308663,2.538193525,2.085251094,-0.831408838,5,2,3.5
860,8261,1.970577196,4.243806904,3.10719205,0.560998668,6,4,5
861,8268,0.2211146,0.858304668,0.539709634,-0.316808919,4,7,5.5
862,8286,0.976945803,1.951127734,1.464036768,0.187125315,3,3,3
863,8293,0.943127463,1.676536682,1.309832073,-0.373697458,1,7,4
864,8299,0.976739573,1.460988566,1.21886407,-0.272131455,6,2,4
865,8302,0.258342629,1.303433656,0.780888143,0.314640817,5,5,5
866,8306,1.48874563,4.224695878,2.856720754,0.607299054,2,5,3.5
867,8325,0.310969385,0.69954148,0.505255433,-0.254375563,4,4,4
868,8332,1.649973227,2.104322717,1.877147972,-1.6217004,2,3,2.5
869,8339,2.764962744,3.303441782,3.034202263,0.090492014,1,6,3.5
870,8342,0.836718666,1.337840954,1.08727981,0.251230864,5,5,5
871,8355,1.618611283,4.502245734,3.060428508,-0.007237142,7,2,4.5
872,8360,0.137763563,0.401240337,0.26950195,-0.254375563,3,4,3.5
873,8370,1.05427358,2.551567285,1.802920432,0.365995506,5,3,4
874,8374,2.925537352,7.757434296,5.341485824,0.593194943,2,1,1.5
875,8378,1.489697155,3.239723422,2.364710289,0.528655637,2,2,2
876,8393,3.943745509,4.841338766,4.392542137,0.151281151,4,1,2.5
877,8398,0.985638639,2.099337701,1.54248817,0.393770383,3,6,4.5
878,8410,1.616280926,3.657486919,2.636883922,-0.081421235,5,5,5
879,8419,1.610217013,3.867650613,2.738933813,0.332943341,6,5,5.5
880,8420,2.26348495,5.031661745,3.647573347,-0.263157109,3,3,3
881,8426,1.210546156,2.557517243,1.8840317,0.412326574,1,3,2
882,8433,1.209225947,3.02690731,2.118066629,-0.160554449,6,3,4.5
883,8440,2.636688154,5.645037795,4.140862975,0.267587392,5,2,3.5
884,8450,3.299780582,7.597069116,5.448424849,0.34920363,6,3,4.5
885,8464,3.360131124,7.417177129,5.388654126,0.318295723,3,4,3.5
886,8466,0.742336278,1.21723135,0.979783814,-0.150695652,7,6,6.5
887,8469,0.48753949,0.223324791,0.35543214,-0.752332566,4,3,3.5
888,8479,0.845635725,2.987733049,1.916684387,0.774723672,6,4,5
889,8497,1.217357425,3.139528671,2.178443048,-0.335961933,2.5,3.5,3
890,8505,0.843991008,1.327743974,1.085867491,-0.287706207,2,6,4
891,8537,2.830160397,3.808824744,3.31949257,-0.420490676,2,2,2
892,8538,3.147983415,5.517023445,4.33250343,0.079512092,2.5,2.5,2.5
893,8545,1.364664124,3.886905684,2.625784904,0.290090472,2.5,4,3.25
894,8586,1.372519124,3.228446668,2.300482896,0.103364819,2.5,4,3.25
895,8605,0.588148804,1.342541732,0.965345268,-0.329672987,2,2.5,2.25
896,8606,1.352628864,2.159642584,1.756135724,0.145436028,2.5,4.5,3.5
897,8617,1.405917368,3.098840797,2.252379082,0.528655637,2,3.5,2.75
898,8618,4.162820686,8.997025242,6.579922964,0.105683471,3,4.5,3.75
899,8623,2.56918512,5.578418899,4.07380201,0.826808632,2.5,5,3.75
900,8640,4.928967386,9.613816928,7.271392157,0.02020596,7,4,5.5
901,8650,1.452925507,2.749494837,2.101210172,-0.330120716,2.5,3.5,3
902,8705,2.895609094,6.042294078,4.468951586,0.299612202,2.5,3.5,3
903,8716,2.580164353,8.392807903,5.486486128,0.070690031,7,5.5,6.25
904,8724,1.972437688,3.0340338,2.503235744,-1.100845901,1,1.5,1.25
905,8756,2.348978237,2.778177641,2.563577939,0.31216115,3,3,3
906,8775,1.59355205,3.727181256,2.660366653,0.247709456,2.5,6.5,4.5
907,8809,1.022457468,3.874197885,2.448327677,0.282342597,2,2,2
908,8818,0.074825401,0.160823376,0.117824389,-0.528315939,2.5,3.5,3
909,8861,2.212542694,4.484439677,3.348491186,0.297960265,2.5,6.5,4.5
910,8865,1.314953108,3.552428481,2.433690795,0.38958961,2.5,6.5,4.5
911,8869,1.10052962,3.052272649,2.076401134,0.282342597,2.5,6,4.25
912,8874,2.592703605,6.05282822,4.322765912,-0.031099536,3.5,6,4.75
913,8880,1.522609962,2.765986837,2.144298399,-0.17663896,1.5,2.5,2
914,8883,1.972893085,3.542658229,2.757775657,-0.200792134,2.5,4.5,3.5
915,8889,0.414523948,1.004608093,0.70956602,0.383536668,2.5,4.5,3.5
916,8902,2.149707175,4.969805162,3.559756169,0.394455855,3.5,5.5,4.5
917,8905,2.884628433,6.352319052,4.618473743,0.480811584,2.5,4,3.25
918,8956,1.173171903,1.903785487,1.538478695,-0.294717071,3,3.5,3.25
919,8979,4.036075162,6.798756971,5.417416066,-0.439997691,2.5,4.5,3.5
920,8984,1.995681444,6.049904474,4.022792959,0.416535767,6,2,4
921,8988,2.070954831,4.080201111,3.075577971,0.707877568,4,6,5
922,9006,0.492418084,1.048219234,0.770318659,-0.084908127,3,4.5,3.75
923,9012,2.72760092,2.727759429,2.727680174,-0.954428927,2,2,2
924,9026,1.616280926,4.170173184,2.893227055,0.456977176,3.5,4.5,4
925,9032,3.202404818,9.710654993,6.456529905,0.255413483,4,7,5.5
926,9047,1.102155053,2.47286933,1.787512192,-0.087230397,2.5,3.5,3
927,9055,0.514928343,1.187516822,0.851222583,-0.093492856,2.5,5,3.75
928,9076,0.583825764,1.34598509,0.964905427,0.192941451,2,5,3.5
929,9092,1.026646804,2.36343671,1.695041757,0.076997448,2,5,3.5
930,9097,1.855978649,1.682728553,1.769353601,-1.750055693,2.5,3.5,3
931,9100,1.94581694,4.311515243,3.128666092,-0.015251646,3,1.5,2.25
932,9106,2.032581475,5.006144262,3.519362868,-0.027690585,1,6,3.5
933,9117,2.419538743,5.757390235,4.088464489,0.086426897,2,5,3.5
934,9127,2.964895026,7.808918563,5.386906794,0.312331399,2.5,5.5,4
935,9147,1.471342884,2.832679611,2.152011248,-0.148464248,2,4.5,3.25
936,9172,2.556956138,5.623749573,4.090352855,0.50620034,2,4,3
937,9178,1.12566728,0.394464527,0.760065904,-0.926597325,1.5,3.5,2.5
938,9186,0.00080247,0.002899234,0.001850852,-0.192176949,2.5,6.5,4.5
939,9191,0.728085801,0.460072361,0.594079081,-0.355509151,1,6,3.5
940,9206,1.32913675,2.386060188,1.857598469,0.129821994,4,4,4
941,9238,1.778693489,3.754514401,2.766603945,0.005018675,4,5,4.5
942,9255,0.2468283,3.225283707,1.736056003,0.206694646,1,6,3.5
943,9257,2.839453747,4.119665657,3.479559702,0.311675977,1,5,3
944,9262,1.41433011,3.516775513,2.465552811,0.750209012,1,3,2
945,9268,2.120209799,3.159783843,2.639996821,-0.075470266,5,1,3
946,9287,0.857994076,0.857738893,0.857866484,-0.232165105,1,2,1.5
947,9290,0.492418084,1.048219234,0.770318659,0.458130494,3,5,4
948,9304,3.006055493,6.211825207,4.60894035,0.554552284,4,6,5
949,9319,0.583825764,1.34598509,0.964905427,-0.087230397,2,5,3.5
950,9320,0.506431983,0.405658957,0.45604547,-1.521407276,1,1.5,1.25
951,9322,1.615478455,3.654587686,2.63503307,0.467874329,3,6.5,4.75
952,9338,3.062883302,7.176438879,5.119661091,-0.176433135,2,1,1.5
953,9345,0.139984536,0.32454148,0.232263008,-0.528315939,2,2.5,2.25
954,9353,1.390484963,1.350887655,1.370686309,-0.416213586,2,6,4
955,9356,1.005741486,2.973174373,1.98945793,-0.086177356,2,5,3.5
956,9360,1.217137921,2.067163864,1.642150893,0.412326574,3,6,4.5
957,9373,2.385205087,4.442801557,3.414003322,-0.23595768,2,1.5,1.75
958,9382,4.829311153,11.61063116,8.219971155,0.634324074,6.5,5,5.75
959,9386,1.496534137,2.844829973,2.170682055,0.372026373,2.5,4,3.25
960,9388,1.89100026,3.280461074,2.585730667,-0.724808851,1.5,3,2.25
961,9395,0.633422809,1.376752703,1.005087756,-0.148464248,2,3,2.5
962,9396,0.657443421,1.190343105,0.923893263,-0.534379343,1.5,6,3.75
963,9422,0.513323402,1.181718355,0.847520879,-0.329672987,2.5,1,1.75
964,9435,2.971427909,6.549986883,4.760707396,0.50620034,5.5,5,5.25
965,9453,0.070502362,0.164266734,0.117384548,-1.933668726,2.5,2.5,2.5
966,9462,0.574489879,0.263630757,0.419060318,-0.684424738,2.5,5.5,4
967,9471,1.918442428,4.461821732,3.19013208,0.138753938,2,4,3
968,9476,0.866778948,1.593546027,1.230162488,0.204666477,3,1,2
969,9493,1.599462204,3.290543932,2.445003068,0.246579349,2.5,4,3.25
970,9497,0,0,0,-0.528315939,2.5,5.5,4
971,9502,1.383405384,3.05282612,2.218115752,0.467874329,5.5,6,5.75
972,9503,0.27523969,0.222927223,0.249083456,-2.314018037,2.5,1,1.75
973,9519,1.730967617,3.13822559,2.434596604,0.467874329,5.5,6.5,6
974,9526,6.537334206,13.96360895,10.25047158,0.386680341,3,5.5,4.25
975,9537,3.678289444,7.718813437,5.698551441,0.631969432,3,3,3
976,9541,2.376052843,4.472324772,3.424188807,0.607165156,2.5,5.5,4
977,9550,3.27893054,5.919845074,4.599387807,0.206368066,2.5,3.5,3
978,9575,1.615478455,3.654587686,2.63503307,0.22770302,2.5,1,1.75
979,9592,1.388921954,4.225531403,2.807226678,0.616091518,3,5,4
980,9593,1.338053809,3.023222114,2.180637961,0.29789149,3,5,4
981,9597,0.330081529,0.146281718,0.238181623,-0.425594131,3,5,4
982,9610,2.796603243,6.276319791,4.536461517,0.372026373,2.5,6,4.25
983,9624,1.005741486,2.229937589,1.617839538,0.528655637,3,5.5,4.25
984,9626,1.813493556,4.208105686,3.010799621,0.690898454,4.5,5.5,5
985,9627,2.856459477,6.075681778,4.466070627,0.056344163,3.5,2.5,3
986,9631,0.586962119,1.322890631,0.954926375,0.251230864,3,7,5
987,9632,0.543753368,1.182981836,0.863367602,-0.150695652,2,5,3.5
988,9634,1.636383773,3.788086807,2.71223529,0.787959928,2,7,4.5
989,9639,3.913762115,6.967214636,5.440488376,0.203659856,2,2,2
990,9641,4.593975673,8.363070467,6.47852307,0.971231618,2.5,4.5,3.5
991,9655,1.512284812,2.93888992,2.225587366,0.109012325,3.5,5,4.25
992,9693,1.421464691,3.311239359,2.366352025,0.119948404,3,4.5,3.75
993,9701,1.264270673,3.250288967,2.25727982,0.052771492,3.5,5,4.25
994,9713,2.150739151,5.54813688,3.849438016,0.416535767,2,3,2.5
995,9716,1.426796584,2.669737075,2.04826683,-0.014257922,2.5,3.5,3
996,9723,3.122564077,6.731914739,4.927239408,0.392719671,2.5,6.5,4.5
997,9725,0.302722175,0.55577938,0.429250777,-0.254375563,4,1.5,2.75
998,9734,0.492418084,1.048219234,0.770318659,0.338752504,3,3.5,3.25
999,9749,2.581438714,2.282204014,2.431821364,-0.530121248,4,1,2.5
1000,9758,0.774988414,1.323747373,1.049367893,-0.451001646,3.5,3,3.25
1001,9763,0.393265618,0.910736125,0.652000872,-0.777863564,2,1,1.5
1002,9769,3.710488086,7.942916371,5.826702229,-0.170246085,4.5,3.5,4
1003,9810,0.724057529,1.549773911,1.13691572,-0.142947777,5.5,5,5.25
1004,9814,8.127697418,10.33733831,9.232517864,0.355424787,4,4,4
1005,9831,2.733659071,5.266791469,4.00022527,0.187039537,4,5.5,4.75
1006,9839,2.366532416,5.021935565,3.69423399,0.463109777,5,6.5,5.75
1007,9842,1.176726335,2.604937589,1.890831962,0.066597815,3.5,5.5,4.5
1008,9857,2.355564063,4.688526086,3.522045074,0.39128439,3.5,6,4.75
1009,9880,1.186849346,1.895722529,1.541285937,0.338752504,3,4,3.5
1010,9903,0.745856723,0.83959258,0.792724652,-0.141270206,3,6,4.5
1011,9921,1.804234355,3.725430545,2.76483245,0.715380846,3,5.5,4.25
1012,9943,2.079081678,3.362887492,2.720984585,0.388361056,3,6.5,4.75
1013,9960,0.400007763,0.300057988,0.350032875,-0.215507262,2.5,7,4.75
1014,9979,0.983879244,2.12334478,1.553612012,-0.389260817,2.5,3.5,3
1015,9996,1.925926116,4.345788505,3.135857311,-0.059584781,4.5,5.5,5
1016,10005,0.493220555,1.051118467,0.772169511,-0.347492464,4,6,5
1017,10021,0.540129017,0.403944676,0.472036847,-1.256363085,3.5,4,3.75
1018,10025,1.44423465,2.581914668,2.013074659,0.397078286,3.5,4,3.75
1019,10054,0.46380421,0.781821756,0.622812983,-0.254375563,3,5.5,4.25
1020,10056,2.493478812,4.833737068,3.66360794,-0.004360272,3.5,5,4.25
1021,10063,0.299580828,1.24503562,0.772308224,0.074469508,3.5,3.5,3.5
1022,10075,1.258786262,3.200627301,2.229706781,-0.165533731,5.5,5,5.25
1023,10089,1.004049587,1.61837367,1.311211628,0.192941451,5,6.5,5.75
1024,10090,0.920855885,2.799252971,1.860054428,0.282342597,2.5,4,3.25
1025,10097,1.026646804,2.36343671,1.695041757,0.186991417,4.5,7,5.75
1026,10098,3.285542899,8.121175423,5.703359161,0.516596505,3.5,6,4.75
1027,10100,0.946931598,2.992972254,1.969951926,0.170360868,4.5,6,5.25
1028,10105,1.808171092,4.16598604,2.987078566,0.261787496,3.5,4,3.75
1029,10140,1.040501489,2.64088707,1.840694279,-0.9404992,3.5,5,4.25
1030,10144,1.636383773,3.788086807,2.71223529,0.467874329,3.5,7,5.25
1031,10148,1.080566888,2.390760966,1.735663927,0.041115426,3,4.5,3.75
1032,10152,2.798497416,5.617089106,4.207793261,-0.6662329,4,4,4
1033,10164,0.648535452,1.305998064,0.977266758,-0.17663896,3,7,5
1034,10173,1.456409878,3.486377461,2.471393669,-0.939906305,4.5,6,5.25
1035,10186,1.925015927,4.346112745,3.135564336,0.537466116,3,4,3.5
1036,10189,2.598788208,4.956198828,3.777493518,-0.362616251,4,3.5,3.75
1037,10193,0.073638717,0.141172276,0.107405496,-0.192176949,4,7,5.5
1038,10197,0.182245862,1.029726584,0.605986223,-0.254375563,3.5,4.5,4
1039,10200,1.759894977,3.811989781,2.785942379,0.134476996,5,6.5,5.75
1040,10216,2.15175105,4.96242363,3.55708734,0.550896564,4,4.5,4.25
1041,10220,0.712646631,0.682284054,0.697465342,0.103364819,3,3.5,3.25
1042,10225,1.437061444,2.341076537,1.889068991,-0.145516323,3.5,6,4.75
1043,10231,1.58138704,4.47071635,3.026051695,0.079512092,3,6.5,4.75
1044,10257,2.813110108,7.020843391,4.916976749,0.461305984,5,6,5.5
1045,10260,2.67182878,5.651723607,4.161776194,0.05645858,4,5,4.5
1046,10261,1.027495249,2.537789746,1.782642498,0.414562667,3.5,6,4.75
1047,10264,0.858217424,0.358124776,0.6081711,-2.078868666,3.5,4,3.75
1048,10266,1.36586916,2.36343671,1.864652935,0.051525307,3,5.5,4.25
1049,10275,0.836718666,1.337840954,1.08727981,0.076187584,4.5,6,5.25
1050,10288,5.271214614,11.76129292,8.516253769,0.57674175,3.5,7,5.25
1051,10290,0.793608844,1.883969488,1.338789166,0.192941451,4,5.5,4.75
1052,10291,0.992067715,1.425484108,1.208775912,-0.44497078,1,3,2
1053,10292,0.543707393,1.011528033,0.777617713,-0.183684715,1,7,4
1054,10300,3.922469799,7.871533495,5.897001647,0.461105645,1,3,2
1055,10305,0.815813348,1.204341833,1.010077591,-0.087230397,1,7,4
1056,10324,3.448425034,8.557114735,6.002769885,0.411396569,2,5,3.5
1057,10342,1.541616714,2.420014537,1.980815626,-0.328455062,1,3,2
1058,10345,0.409961621,0.277987662,0.343974642,-0.712339654,1,1,1
1059,10347,0.513323402,1.181718355,0.847520879,-0.087230397,1,7,4
1060,10362,2.207837659,5.000403744,3.604120702,0.528655637,1,5,3
1061,10363,1.07990926,1.77303009,1.426469675,-1.192931103,1,1,1
1062,10378,1.535763249,3.271393061,2.403578155,0.587369855,1,7,4
1063,10382,0.588148804,2.3552719,1.471710352,0.186991417,1,6,3.5
1064,10397,1.026646804,2.36343671,1.695041757,0.465960985,2,5,3.5
1065,10400,0.492418084,1.048219234,0.770318659,-0.258620319,1,3,2
1066,10408,0.492418084,1.048219234,0.770318659,0.251230864,1,7,4
1067,10415,2.598131172,6.877527361,4.737829267,-0.350387373,3,1,2
1068,10423,3.217299611,5.81885959,4.518079601,0.213033816,1,3,2
1069,10427,1.970513142,4.486565018,3.22853908,0.556705727,1,6,3.5
1070,10430,0.850431203,1.822740843,1.336586023,0.085823657,1,6,3.5
1071,10461,0.588951274,1.345440965,0.96719612,-0.088890158,1,6,3.5
1072,10491,0.492418084,1.048219234,0.770318659,-0.087230397,1,6,3.5
1073,10495,0.939777783,2.185400274,1.562589028,0.383536668,1,4,2.5
1074,10538,0,0,0,-0.192176949,1,7,4
1075,10539,0.85757458,2.021832556,1.439703568,0.164998028,1,6,3.5
1076,10548,1.704421262,3.608282184,2.656351723,0.655793016,1,5,3
1077,10583,0.930741342,0.919932004,0.925336673,-0.313585818,1,1,1
1078,10592,1.006589931,2.404290625,1.705440278,0.371370353,1,5,3
1079,10607,2.882592282,6.553299142,4.717945712,0.431860161,2,6,4
1080,10613,3.189237926,5.338885828,4.264061877,0.036500742,3,5,4
1081,10616,1.102155053,2.47286933,1.787512192,-0.084908127,1,5,3
1082,10625,1.812107883,3.357236078,2.584671981,0.732533952,1,1,1
1083,10631,2.923718072,8.508566494,5.716142283,0.485804406,1,4,2.5
1084,10639,4.811024001,10.16907382,7.490048909,0.273634553,2,5,3.5
1085,10646,1.834263951,3.364371429,2.59931769,-1.076974631,1,1,1
1086,10649,0.568557544,1.687526749,1.128042147,-0.192176949,1,1,1
1087,10650,0.513323402,1.181718355,0.847520879,-0.084908127,1,5,3
1088,10652,1.054070647,0.877081556,0.965576102,-0.165533731,1,2,1.5
1089,10663,2.895997687,9.066766747,5.981382217,0.294404597,1,3,2
1090,10691,0.080096485,0.134861276,0.107478881,0.181316152,1,2,1.5
1091,10695,2.232707764,4.420232079,3.326469921,-0.908082572,1,3,2
1092,10698,0.586962119,1.322890631,0.954926375,-0.087230397,1,4,2.5
1093,10709,0.492418084,4.847677937,2.670048011,0.388361056,7,6,6.5
1094,10711,0.277426383,0.712408275,0.494917329,0.269175378,4,4,4
1095,10743,5.200393288,9.320196098,7.260294693,0.276579314,2,4,3
1096,10744,0.283458012,0.49441499,0.388936501,-0.215507262,1,4,2.5
1097,10762,2.329013417,5.077898826,3.703456121,0.279956973,3,2,2.5
1098,10778,2.149707175,4.969805162,3.559756169,0.519595396,1,5,3
1099,10781,0.840237772,0.770829096,0.805533434,-0.254375563,1,3,2
1100,10786,1.931767766,4.076680553,3.00422416,0.658506027,2,4,3
1101,10811,3.737977937,6.506911917,5.122444927,0.157251074,5,6,5.5
1102,10826,0.404690537,0.303949762,0.35432015,-0.534379343,5,6,5.5
1103,10843,0.779888864,0.363998032,0.571943448,-0.621637192,2,4,3
1104,10871,5.257893629,12.96467784,9.111285736,0.576173303,7,4,5.5
1105,10874,1.37695522,3.423347675,2.400151448,0.192941451,4,2,3
1106,10950,0.690747031,1.547366799,1.119056915,0.121865628,5,3,4
1107,10956,3.521849209,7.309193678,5.415521444,0.58388981,5,2,3.5
1108,10958,0.574547988,2.008124394,1.291336191,0.095617388,4,3,3.5
1109,10979,1.258648013,1.628306067,1.44347704,0.412326574,5,5,5
1110,10981,0.433608196,0.79852373,0.616065963,0.381318852,4,3,3.5
1111,11013,0.393880884,0.437292579,0.415586732,0.305968135,5,2,3.5
1112,11040,0.492418084,1.048219234,0.770318659,-0.081421235,3,3,3
1113,11055,2.982737192,8.182169141,5.582453167,0.49420201,4,3,3.5
1114,11060,2.951616622,4.511766095,3.731691358,0.326303121,6,3,4.5
1115,11063,1.335606622,2.373063975,1.854335298,0.251230864,5,6,5.5
1116,11065,1.992609017,3.118893941,2.555751479,0.494964454,7,3,5
1117,11079,1.862761235,4.18699237,3.024876803,0.397078286,6,5,5.5
1118,11083,1.851277645,4.698163406,3.274720526,0.38958961,5,4,4.5
1119,11087,2.824479071,9.259820756,6.042149914,-0.042420837,4,1,2.5
1120,11118,2.282024484,4.08970945,3.185866967,-0.284013245,2,4,3
1121,11126,0.604275344,2.431151063,1.517713204,0.472945231,6,4,5
1122,11138,2.206444522,4.70201676,3.454230641,0.189408051,5,4,4.5
1123,11153,1.723680838,2.60210399,2.162892414,-0.079268236,5,4,4.5
1124,11159,1.224407794,1.974403971,1.599405882,0.314640817,5,1,3
1125,11166,2.257861965,5.620800486,3.939331225,-0.681415421,3,2,2.5
1126,11170,1.534035743,4.595994755,3.065015249,0.39128439,4,3,3.5
1127,11171,0.699322344,2.081408848,1.390365596,0.119948404,3,4,3.5
1128,11176,2.005215349,2.518985857,2.262100603,-0.232643314,4,2,3
1129,11182,0,0,0,-0.528315939,3,1,2
1130,11188,0.680440977,0.932610689,0.806525833,-0.719537782,2,1,1.5
1131,11190,0,0.42088796,0.21044398,0.022553173,3,5,4
1132,11193,0.197114639,0.769078584,0.483096612,-0.254375563,3,1,2
1133,11195,0.513323402,1.181718355,0.847520879,-0.084908127,5,6,5.5
1134,11197,0.323611657,0.159277932,0.241444794,-0.215507262,5,7,6
1135,11202,0.665175102,2.122769315,1.393972208,-0.098855696,5,6,5.5
1136,11206,1.483804173,3.356820228,2.420312201,0.29789149,6,3,4.5
1137,11233,2.987690939,6.781919678,4.884805309,0.29977438,6,7,6.5
1138,11236,3.300242309,5.87874631,4.589494309,0.246579349,6,6,6
1139,11240,1.228182097,3.519801507,2.373991802,0.598447925,4,4,4
1140,11251,1.552687803,2.116830113,1.834758958,-0.349025281,1,1,1
1141,11280,1.169030988,2.131125479,1.650078234,0.244257079,6,5,5.5
1142,11288,1.019738399,2.099116368,1.559427384,-0.528315939,3,1,2
1143,11309,0.535805978,0.407388034,0.471597006,-1.922464669,2,3.5,2.75
1144,11312,1.381307636,2.900671903,2.14098977,0.201887548,2.5,6.5,4.5
1145,11321,1.181159768,1.740686227,1.460922997,0.022553173,1.5,3.5,2.5
1146,11329,1.636184618,6.126978388,3.881581503,-0.485324501,4,4.5,4.25
1147,11337,2.009504244,3.531936715,2.77072048,1.178308282,7,2,4.5
1148,11340,1.790386934,4.758530078,3.274458506,-0.251890833,5,2,3.5
1149,11374,1.123060371,2.606368452,1.864714411,0.270724715,4.108108108,4.378378378,4.243243243
1150,11377,2.689601894,6.732316785,4.710959339,0.227369853,2.875,4.6875,3.78125
1151,11390,0.399013579,0.285546533,0.342280056,-0.528315939,2.551724138,4.103448276,3.327586207
1152,11403,0,0,0,-0.957776183,2.035714286,4.785714286,3.410714286
1153,11426,1.119004519,2.743668916,1.931336718,-0.536956515,2.793103448,4.655172414,3.724137931
1154,11432,1.250961015,3.808034187,2.529497601,-0.010451142,3.3125,4.25,3.78125
1155,11447,1.902747159,2.648587459,2.275667309,-0.618050074,2.780487805,2.547619048,2.664053426
1156,11454,1.379922182,2.681169891,2.030546037,-0.044300443,3.357142857,3.209302326,3.283222591
1157,11456,1.538275951,2.975679905,2.256977928,-0.642770059,2.53125,4.03125,3.28125
1158,11469,1.348426825,1.96394414,1.656185482,-0.084908127,2.75,3.4375,3.09375
1160,11481,0.316966049,-0.000699858,0.158133095,0.461319932,2.777777778,4.777777778,3.777777778
1162,11487,0.632033498,0.123030725,0.377532112,-1.020972011,3.125,5,4.0625
1163,11493,3.524148209,6.083839466,4.803993838,0.374952453,3.25,4.34375,3.796875
1164,11507,2.134221974,5.099599936,3.616910955,-1.048985746,3.297297297,2.837837838,3.067567568
1165,11514,1.810145872,3.482625903,2.646385887,0.376915814,4.074074074,3.37037037,3.722222222
1166,11529,0.24661272,0.53872261,0.392667665,-0.157181479,2.815789474,3.131578947,2.973684211
1167,11543,0.192465313,0.374203616,0.283334464,-0.501570113,2.25,5.03125,3.640625
1168,11545,1.569889547,5.722263142,3.646076344,0.55733562,3.4375,4.25,3.84375
1169,11548,2.618701264,6.598350277,4.60852577,0.680691107,3.03125,3.96875,3.5
1170,11553,1.311528202,0.971384266,1.141456234,-1.201919034,3.269230769,4.615384615,3.942307692
1171,11564,3.936141729,3.891876046,3.914008887,-0.343622498,2.535714286,3.464285714,3
1172,11567,1.479710493,0.353357622,0.916534057,-0.837243143,2.6875,3.75,3.21875
1173,11604,1.215115567,4.044028135,2.629571851,-0.054921406,2.833333333,2.25,2.541666667
1174,11612,2.422531375,2.268888349,2.345709862,0.149111295,3.037037037,4.111111111,3.574074074
1175,11614,1.401367799,2.061119735,1.731243767,0.017844136,2.428571429,3.285714286,2.857142857
1176,11619,1.119267727,1.551380243,1.335323985,-1.662437153,3.375,3.53125,3.453125
1177,11621,2.545342331,5.147629588,3.846485959,0.526925997,3.185185185,4.62962963,3.907407407
1178,11633,2.982832182,3.872046958,3.42743957,-0.079268236,3.682926829,4,3.841463415
1179,11673,2.224568629,3.93956207,3.082065349,-0.571024846,3.285714286,2.674418605,2.980066445
1180,11680,1.821193057,4.564478706,3.192835882,0.044498506,3.178571429,5.107142857,4.142857143
1181,11682,4.14887363,4.725480357,4.437176994,-0.363260981,2.935483871,3.193548387,3.064516129
1182,11690,2.160207739,4.642512856,3.401360297,0.127965109,3.3,5.633333333,4.466666667
1184,11704,0.387604081,0.275914769,0.331759425,-0.509450912,3.5,5.78125,4.640625
1185,11707,0.065473104,0.121324454,0.093398779,-0.848814062,2.1875,4.3125,3.25
1186,11734,1.922303518,2.35219079,2.137247154,-0.299364043,3.095238095,2.604651163,2.849944629
1187,11746,0.27523969,0.222927223,0.249083456,-1.564509557,2.697674419,2.681818182,2.6897463
1188,11755,2.556670361,3.091613284,2.824141823,-1.317043317,2.448275862,5.034482759,3.74137931
1189,11763,1.922411085,1.116413519,1.519412302,-1.260016528,2.4375,4.0625,3.25
1190,11785,1.130411261,3.148817066,2.139614164,0.20781069,2.962962963,4.148148148,3.555555556
1191,11803,1.685331812,2.460193317,2.072762565,-0.015836106,3.148148148,3,3.074074074
1192,11814,0.888979296,1.669782621,1.279380959,-0.037558468,2.65625,4.625,3.640625
1193,11834,1.608749704,3.344938823,2.476844263,-0.665128091,3,4,3.5
1194,11845,2.39539298,4.398019019,3.396705999,-0.839975025,3.375,3.9375,3.65625
1195,11854,0.737604081,0.984248102,0.860926092,-0.926597325,2.214285714,3.321428571,2.767857143
1196,11864,0.842760231,2.001574479,1.422167355,0.217959185,2.666666667,3.481481481,3.074074074
1197,11867,2.980169246,6.451495511,4.715832378,0.680691107,3.71875,4.1875,3.953125
1198,11870,0.913984251,2.367156214,1.640570232,0.009102159,3.40625,3.84375,3.625
1199,11875,0.340928854,1.014985639,0.677957247,-0.098855696,2.884615385,4.846153846,3.865384615
1200,11883,0.456877149,1.075961067,0.766419108,0.461319932,2.90625,3.875,3.390625
1201,11888,0.898834729,0.882768874,0.890801801,-0.887682363,3,3.15625,3.078125
1202,11903,2.339466832,5.098217232,3.718842032,0.240072808,3.03125,3.4375,3.234375
1203,11905,4.684599201,3.031285229,3.857942215,0.234217741,4.125,4.9375,4.53125
1204,11914,1.35937992,3.175739736,2.267559828,0.335488332,3.142857143,3.279069767,3.210963455
1205,11935,1.910145111,5.367132888,3.638638999,0.250125528,3.884615385,4.153846154,4.019230769
1206,11956,3.414364798,4.309172627,3.861768713,-0.980078025,3.03125,4.15625,3.59375
1207,11958,0.862343201,2.18729893,1.524821065,0.147457343,3.24137931,5,4.120689655
1208,11973,0.282440552,0.560322369,0.421381461,0.741491781,2.666666667,3.777777778,3.222222222
1209,11988,1.774008115,3.577789935,2.675899025,-0.09418189,3.37037037,3.074074074,3.222222222
1210,11990,3.025287597,7.313463368,5.169375482,0.311535207,4.225806452,4.774193548,4.5
1211,11999,2.810060952,5.443931661,4.126996306,0.96405637,3.807692308,4.346153846,4.076923077
1212,12003,1.759305014,3.048108099,2.403706556,0.017844136,2.8125,3.90625,3.359375
1213,12056,1.556810578,1.653658541,1.605234559,-0.142947777,2.259259259,4.851851852,3.555555556
1214,12069,4.398394283,8.982413179,6.690403731,0.571089554,3.258064516,5.161290323,4.209677419
1215,12077,3.046680791,4.756835888,3.901758339,-0.199306934,3.8125,4.25,4.03125
1216,12101,0.321175119,0.691036225,0.506105672,0.741491781,3.21875,3.4375,3.328125
1217,12118,2.380835888,4.314148606,3.347492247,0.348135248,3.8125,4.8125,4.3125
1218,12128,2.251001351,5.786763377,4.018882364,0.136912574,3.46875,5.15625,4.3125
1219,12145,2.491754265,4.725743754,3.608749009,-0.408075345,3.107142857,3.464285714,3.285714286
1220,12147,0.877160966,1.875035945,1.376098456,-0.141270206,3.547619048,4.465116279,4.006367663
1221,12153,2.184423492,4.203309199,3.193866346,-0.137723998,4.540540541,5.189189189,4.864864865
1222,12178,2.923408619,5.130844228,4.027126423,-0.068008573,3.095238095,2.813953488,2.954595792
1223,12187,1.975056617,2.694355501,2.334706059,-0.723272327,3.513513514,3.378378378,3.445945946
1224,12188,0.422303104,3.756799519,2.089551312,1.581839258,3.166666667,3.093023256,3.129844961
1225,12193,2.004200612,3.623869273,2.814034942,-0.047779429,3.023255814,3.409090909,3.216173362
1226,12195,1.794898395,4.22878636,3.011842378,-0.656475901,4.375,3.3125,3.84375
1227,12214,2.066318669,3.949222895,3.007770782,0.143805964,3.375,4.0625,3.71875
1228,12237,0,0,0,0.461319932,2.259259259,4.518518519,3.388888889
1229,12244,0.99616564,5.412867689,3.204516664,-0.008758734,3.851851852,3.777777778,3.814814815
1230,12259,2.50878732,3.613808746,3.061298033,-1.254190557,2.571428571,4,3.285714286
1231,12263,1.219208261,3.974754852,2.596981557,0.299612202,3.84375,4.625,4.234375
1232,12265,1.304955234,3.956335682,2.630645458,0.178274186,4.59375,5.4375,5.015625
1233,12270,1.751614326,5.492744404,3.622179365,0.276453046,3,4.34375,3.671875
1234,12276,2.582592286,5.002053721,3.792323003,0.298818595,3.84375,3.75,3.796875
1235,12295,1.270631098,3.471698545,2.371164821,0.304813188,3.189189189,4.621621622,3.905405405
1236,12298,2.000099264,3.42923747,2.714668367,0.327127205,3.297297297,3.864864865,3.581081081
1237,12315,1.870673692,1.814194339,1.842434015,-0.451001646,2.944444444,5.055555556,4
1238,12321,1.861195892,3.831730449,2.846463171,0.196120764,3.814814815,4.666666667,4.240740741
1239,12322,0.773654573,1.580541524,1.177098049,-0.148464248,2.710526316,3.184210526,2.947368421
1240,12331,1.384595606,3.033191699,2.208893653,0.344552116,4.105263158,5.947368421,5.026315789
1241,12336,1.748347677,3.32470439,2.536526034,-0.187628925,2.222222222,3.138888889,2.680555556
1242,12349,4.839787928,8.214318523,6.527053226,0.551571881,4.64516129,4.580645161,4.612903226
1243,12354,0.868905262,1.048381854,0.958643558,0.330035273,2.815789474,5,3.907894737
1244,12357,1.461452724,3.363631218,2.412541971,0.041115426,3.054054054,5.702702703,4.378378378
1245,12363,3.003665626,4.664601766,3.834133696,0.246579349,4.024390244,4.666666667,4.345528455
1246,12376,2.697480219,3.686827958,3.192154088,-0.034640762,3.481481481,3.666666667,3.574074074
1247,12378,1.640543755,3.045845592,2.343194673,0.083161368,2.921052632,2.736842105,2.828947368
1248,12383,0.92459585,4.434574212,2.679585031,0.211136885,2.90625,4.09375,3.5
1249,12396,3.621006543,7.817298834,5.719152688,0.208323335,3.027027027,4.081081081,3.554054054
1250,12400,1.615055935,1.734091084,1.674573509,-1.284337708,2.518518519,3.814814815,3.166666667
1251,12404,0.135061186,0.259077556,0.197069371,-0.66248679,2.785714286,4.928571429,3.857142857
1252,12410,1.298241469,0.785873498,1.042057484,-0.743046061,2.96875,3.4375,3.203125
1253,12426,3.603531175,3.365298139,3.484414657,-0.43021565,3.157894737,3.315789474,3.236842105
1254,12429,2.744336992,5.024718099,3.884527545,-0.058459415,2.526315789,3.421052632,2.973684211
1255,12431,2.347752226,1.325245912,1.836499069,-1.593442515,3.108108108,2.432432432,2.77027027
1256,12442,3.166946768,3.067723199,3.117334984,-0.02742828,3.421052632,3.368421053,3.394736842
1257,12446,1.871449266,3.282630421,2.577039843,-0.390111511,3.027777778,3.027777778,3.027777778
1258,12460,4.547965153,7.187377587,5.86767137,-0.105059714,3.216216216,5.27027027,4.243243243
1259,12469,2.433888285,4.288655737,3.361272011,0.095065971,4.459459459,2.972972973,3.716216216
1260,12475,1.7454879,3.472403176,2.608945538,0.129821994,3.571428571,3.371794872,3.471611722
1261,12485,1.054916128,1.46541464,1.260165384,-1.11505407,2.243243243,1.972972973,2.108108108
1262,12496,1.798399618,2.983372125,2.390885871,-0.916023343,2.72972973,2.162162162,2.445945946
1263,12504,2.208690031,5.849201986,4.028946009,-0.576405252,2.973684211,2.157894737,2.565789474
1264,12509,3.954719943,4.7560326,4.355376272,-0.786986218,3.081081081,2.189189189,2.635135135
1265,12521,3.662939303,5.519843391,4.591391347,-0.43148055,2.972222222,3.777777778,3.375
1266,12536,3.43591881,7.385544452,5.410731631,0.422103462,3,4.225806452,3.612903226
1267,12537,2.037175116,3.606758079,2.821966598,0.344552116,3,5.192307692,4.096153846
1268,12539,1.337663921,2.297250027,1.817456974,-0.194512812,2.789473684,5.368421053,4.078947368
1269,12540,2.401468722,4.896196491,3.648832607,-0.02377256,2.894736842,4.342105263,3.618421053
1270,12594,1.272174889,1.236387881,1.254281385,0.330035273,3.37037037,3.851851852,3.611111111
1271,12602,0.991382269,2.521464658,1.756423464,0.270724715,3.34375,3.6875,3.515625
1272,12604,0.977930082,1.966439345,1.472184713,0.241934809,2.648648649,2.702702703,2.675675676
1273,12626,1.751986232,4.540743717,3.146364974,0.299607029,3.375,3.774193548,3.574596774
1274,12638,2.815355288,4.386069706,3.600712497,0.459882984,3.40625,3.625,3.515625
1275,12645,1.386126499,3.957313852,2.671720176,0.026568678,3.034482759,3.965517241,3.5
1276,12663,3.62202197,9.145053808,6.383537889,0.018008833,2.5,3.59375,3.046875
1277,12664,4.166230506,6.721382545,5.443806525,0.565322551,3.71875,5.71875,4.71875
1278,12666,0.641931917,0.478171965,0.560051941,-0.929624651,2.607142857,4.214285714,3.410714286
1279,12668,0.452102395,1.753852755,1.102977575,-0.528315939,2.75,4.59375,3.671875
1280,12678,1.320227286,1.279982372,1.300104829,-0.472168345,2.655172414,3.413793103,3.034482759
1281,12696,0.568036399,1.177643168,0.872839783,-1.856783253,2.928571429,4.535714286,3.732142857
1282,12697,1.072519518,2.10483851,1.588679014,-0.018616538,3.481481481,3.296296296,3.388888889
1283,12703,0.84210162,0.737100979,0.7896013,-0.528315939,2.551724138,4.172413793,3.362068966
1284,12716,0.491372571,1.305232949,0.89830276,-0.534379343,2.655172414,4.586206897,3.620689655
1285,12724,2.881564166,7.642988356,5.262276261,0.2671056,2.421052632,2.868421053,2.644736842
1286,12731,2.921048307,4.582328539,3.751688423,-0.393083861,2.72972973,1.945945946,2.337837838
1287,12737,0.136226744,0.759773042,0.447999893,-0.254375563,2.71875,5.3125,4.015625
1288,12758,2.363376671,3.675449447,3.019413059,-0.536529719,3.219512195,3.714285714,3.466898955
1289,12776,2.236310102,3.231834237,2.734072169,-0.67099495,4.953488372,4.25,4.601744186
1290,12791,1.28818052,1.64256003,1.465370275,-0.664271236,3.071428571,2.813953488,2.94269103
1291,12814,0.32181558,1.257539766,0.789677673,-0.215507262,2.447368421,3.184210526,2.815789474
1292,12815,0.205107096,1.444383326,0.824745211,-0.720898688,4.048780488,4.80952381,4.429152149
1293,12823,2.142983471,1.969744024,2.056363747,-0.512985526,3.390243902,3.023809524,3.207026713
1294,12831,2.197335603,3.508519604,2.852927603,-0.571398512,2.684210526,1.815789474,2.25
1295,12835,2.367654813,4.789547187,3.578601,-0.665128091,2.675675676,3.108108108,2.891891892
1296,12839,0.147263446,0.283528709,0.215396077,-0.456810809,3.333333333,3.348837209,3.341085271
1297,12841,2.518611287,4.765223804,3.641917546,-0.372664922,2.421052632,2.947368421,2.684210526
1298,12854,0.001280288,0.687359954,0.344320121,-0.332158827,2.976190476,2.093023256,2.534606866
1299,12875,1.900636297,4.108574702,3.004605499,-1.047631703,2.785714286,2.976744186,2.881229236
1300,12883,4.241061468,8.197078414,6.219069941,0.232389691,2.972972973,3.108108108,3.040540541
1301,12884,2.72302772,4.371898825,3.547463273,-1.397600673,3.540540541,2.702702703,3.121621622
1302,12897,2.706780919,3.485255697,3.096018308,-0.366599261,3.85,4.341463415,4.095731707
1303,12903,1.3806034,3.10205175,2.241327575,-0.232434165,2.552631579,2.263157895,2.407894737
1304,12908,0.338745355,0.544272602,0.441508978,0.741491781,2.75,5.821428571,4.285714286
1305,12914,1.095516885,2.064534886,1.580025885,0.217959185,2.344827586,5.172413793,3.75862069
1306,12933,2.356553826,3.342245187,2.849399506,-0.259988266,2.5,3.25,2.875
1307,12934,1.415882828,1.122269672,1.26907625,-0.851905725,3.725,3.125,3.425
1308,12936,1.758183284,2.769584869,2.263884076,0.148042283,3.684210526,3.736842105,3.710526316
1309,12941,3.398650443,7.21554815,5.307099297,0.094315756,3.658536585,3.238095238,3.448315912
1310,12943,1.643281017,5.698759879,3.671020448,-1.190621465,3.523809524,2.76744186,3.145625692
1311,12948,2.705818149,4.724566627,3.715192388,-0.706175926,3.558139535,3.136363636,3.347251586
1312,12950,3.17880679,6.489742837,4.834274814,-0.313700762,2.675,3.463414634,3.069207317
1313,12954,0.563920915,1.898468887,1.231194901,-0.155353463,1.918918919,2.405405405,2.162162162
1314,12962,1.725792407,3.938944237,2.832368322,0.588243467,2.894736842,3.263157895,3.078947368
1315,12967,3.097841586,7.913214107,5.505527846,-0.031251324,2.621621622,2.486486486,2.554054054
1316,12979,3.635990723,6.473304747,5.054647735,-0.121434679,3.829268293,4.095238095,3.962253194
1317,12996,2.863745543,4.627281859,3.745513701,-0.279450311,2.810810811,3.054054054,2.932432432
1318,13010,4.261151295,6.413861714,5.337506504,-0.427237851,2.810810811,3.945945946,3.378378378
1319,13011,2.44668299,3.242232144,2.844457567,0.467129094,2.567567568,4.675675676,3.621621622
1320,13030,2.425428302,2.889571035,2.657499668,-0.120682279,3.219512195,3.595238095,3.407375145
1321,13036,2.95681361,4.733336719,3.845075165,0.247743971,2.785714286,4.674418605,3.730066445
1322,13053,2.517420036,3.0766458,2.797032918,-0.894808466,2.631578947,2.815789474,2.723684211
1323,13057,2.377744424,4.263847957,3.32079619,-0.017603338,3.853658537,3.452380952,3.653019744
1324,13074,1.793233657,1.276758674,1.534996166,-0.427915498,3.027027027,3.459459459,3.243243243
1325,13078,3.671631023,5.297185328,4.484408175,0.012883873,3.027027027,3.972972973,3.5
1326,13097,1.135345691,2.561510552,1.848428121,-0.379893453,3.279069767,3.113636364,3.196353066
1327,13114,2.328385555,4.851712163,3.590048859,0.146294895,4,3.5,3.75
1328,13117,2.678179196,5.662418965,4.170299081,0.38958961,2.5,4.5,3.5
1329,13130,2.481014035,3.958426306,3.219720171,-0.347602547,4,4,4
1330,13135,2.484776442,4.218074899,3.35142567,-0.082809437,3.5,4,3.75
1331,13138,2.521736009,4.447918015,3.484827012,-0.593794354,3.5,4,3.75
1332,13148,1.576722893,2.842687806,2.20970535,-0.156402797,2,3,2.5
1333,13195,2.303393742,5.784277222,4.043835482,0.304813188,2,4,3
1334,13241,7.194411875,11.35563361,9.275022742,-0.053292208,4,4,4
1335,13289,5.478711631,8.811930498,7.145321064,0.239381884,5.5,4.5,5
1336,13295,4.631171489,9.416595187,7.023883338,0.407101941,5,4.5,4.75
1337,13307,0.074825401,0.160823376,0.117824389,-0.389260817,1,3,2
1338,13318,2.277728953,2.546329218,2.412029086,-0.685753997,1.5,3.5,2.5
1339,13334,2.788896119,5.451159076,4.120027598,-0.323254076,3.5,3.5,3.5
1340,13336,0.888745178,1.288319522,1.08853235,-0.448624751,4.5,4,4.25
1341,13349,1.698208947,1.373270019,1.535739483,-0.280724138,4.5,5,4.75
1342,13442,1.721896226,4.666119219,3.194007722,0.253707419,4.5,5,4.75
1343,13448,3.380306162,6.195811213,4.788058687,0.135605296,4,5.5,4.75
1344,13452,2.78515917,5.951376152,4.368267661,0.170290972,4.5,5,4.75
1345,13462,2.391002197,5.202285869,3.796644033,0.224991838,4.5,5,4.75